Brand,Counts
LGE,3749
ONEPLUS,9
Apple,106871
Panasonic,99788
SAMSUNG,48918
"NIKON CORPORATION",106920
SONY,215859
NIKON,67742
"OLYMPUS IMAGING CORP.",49285
Nokia,38311
"PENTAX Corporation",16758
"GoPro . .U..",327
GoPro,3989
Canon,331201
HTC,21590
"LG Electronics",2532
"OLYMPUS OPTICAL CO.,LTD",8247
"EASTMAN KODAK COMPANY",19621
Motorola,5162
"Research In Motion",6708
"FUJI PHOTO FILM CO., LTD.",4885
bq,91
Vodafone,156
FUJIFILM,41183
"SAMSUNG TECHWIN CO., LTD.",10597
"Samsung Techwin",31786
Hipstamatic,4912
"LG Electronics0",11
"LG Electronicsa",31
"OLYMPUS CORPORATION",7282
CASIO,1834
"NORITSU KOKI",4135
"Sony Ericsson",20379
"Mercury Peripherals Inc.",116
OLYMPUS_IMAGING_CORP.,89
"PENTAX RICOH IMAGING",245
"SK communications",33
"Minolta Co., Ltd.",3927
Hewlett-Packard,7974
"DSC IMAGE",169
"KONICA MINOLTA",5133
"RICOH IMAGING COMPANY, LTD.",51
"CASIO COMPUTER CO.,LTD",5891
,596
....x.=,10
..3.x.=,6
..=..=,5
"CASIO COMPUTER CO.,LTD.",20080
Corelogic,335
"Konica Minolta Camera, Inc.",1600
"Digital Camera",405
DIGITAL,346
Protected,312
PENTAX,9012
"MAKER NAME",8
"GoPro ..x.. HU..",151
acer,175
NVIDIA,6
TRUST,85
QCOM-AA,137
Google,2161
LEICA,3711
HUAWEI,440
ViviCam,90
CyanogenMod,82
ZTE,18
Traveler,92
AMON,21
Rollei,5
PANTECH,24
"TOSHIBA CORP.",11
"MEDION OPTICAL CO,LTD",70
RICOH,6698
"SANYO Electric Co.,Ltd.",2166
Vivitar,1410
"MINOLTA CO.,LTD",255
VQ,9
ASUS,53
Supra,39
Agfa,13
motorola1,10
motorola5,11
motorolae,8
motorolai,7
motorolam,13
SHARP,1835
"SEIKO EPSON CORP.",598
"Camera ZOOM FX",6
"Leica Camera AG",1667
"PORSCHE DESIGN",31
DoCoMo,933
KDDI-SN,137
RIM,679
Olloclip,14
BenQ,382
"Konica Corporation",355
CAMERA,349
"SAMSUNG TECHWIN Co.",112
YASHICA,15
DVR410Camm,32
PRIMAX,16
Xiaomi,505
Hisense,136
Lenovo,118
WonderMedia,13
unknown,218
HP,43
"GoPro... .3.`di.",122
KYOCERA,1056
Gateway,153
....,6
TCL,48
"Konica Minolta Photo Imaging,",435
GoPro...8A<.@Wh.,42
"BenQDC E820%x.%04xCo",132
"JK Imaging, Ltd.",148
DELL,118
MICROMAX,7
Microsoft,74
OPPO,35
SEMC,64
Tinno,7
vivo,53
WHOAMI,16
YU,18
AMOI,7
"Polyphony Digital Inc.",39
GoPro.....=..$j.,53
"FUJIFILM Corporation",29
Minolta,93
MinoltaX-300,7
Recesky,4
S100,10
"Asahi Optical Co.,Ltd",101
Syntek,16
JVC,1390
Konica,98
SeaLife,72
Polaroid,370
"Curious Satellite",5
DVS567,5
"Samsung Electronics",423
CEC,217
"T-Mobile Dash",42
BlackBerry,39
"Hewlett-Packard Company",48
"LG Elec.",12
"AgfaPhoto GmbH",59
Palm,376
"Asahi Optical Co.,Ltd.",232
HT,173
Fujitsu,110
"General Imaging Co.",248
SIGMA,1321
Htc_wwe,8
TOSHIBA,469
"GEDSC IMAGING CORP.",173
.,34
"Sony Computer Entertainment I",666
YAKUMO,36
JellyBus,8
Fairphone,313
PENTACON,105
"SANYO Electric Co., Ltd.....",59
"Apple + Pro HDR",12
AGFAPHOTO,131
"BenQ Corporation",226
LG....,107
NEINGRENZE,161
NEC,7
"BenQDC E720%x.%04xCo",24
SE,8
"custom make",18
MAGINON,1
Fly,7
"FUJI PHOTO FILM CO.,LTD. / Un",39
OEM,7
"Vivitar Corporation",21
"Motorola Mobility",252
GCMC,3
LG_Electronics,60
"GoPro . d~...Z}.",15
"Eastman Kodak",28
"Minolta Co.,Ltd.",44
"FUJICOLOR EUROPE",11
GoPro...$.:..uj.,16
o2,137
Canon.,12
BenQ_E72,10
ES.M800,9
"SUNPLUS TECHNOLOGY CO.,  LTD.",18
3MegaCam,19
T-Mobile,379
"ALCATEL ONETOUCH",50
TCT,62
MAKE_AllWinner,13
"T-Mobile Shadow",11
"KYE Systems Corp.",15
HTC-8900,45
SAGEM,67
"DXG Technology Co. Ltd.",5
"Oregon Scientific",56
Sunplus,45
"My Digital",86
BenQ-Siemens,187
"LG Electronics.",21
"LG Electronics=",1
"LG Electronicsp",6
MyPhone,5
JIAYU,7
Dopod,131
Altek,144
DSC,31
T-Mobile(R),278
CAMERA3,12
"Acer Corporation",5
"SAMSUNG TECHWIN CO., LTD",400
Noritsu,22
"5.2MP DigitalCAM",3
"(C) 2003 Gateway,Inc.",4
"Creative Technology Ltd.",5
SEA&SEA,1
Medion,1
"Digital Camera Mfr",2
"Minolta Co. Ltd.n",3
"SANYO Electric Co.,Ltd",11
"Concord Camera Corp.",22
DV3300,11
WWL,19
KDDI-SA,9
ViewQuest,12
"3M DSC",1
Microtek,2
adss02x,1
"Sipix Corporation",2
DSCimg,7
TESCO,3
Caplio,2
"Airis Photostar 3702",1
Mustek,2
ShouYing,2
"306 306",1
"DXG Technologies,Inc.",3
"made by Polaroid",2
"SAMSUNG TECHWIN CO,. LTD",2
"LG Mobile",3
"SQ Tech. Co.,Ltd",6
"DXG Company",1
"Vivitar Corporation.",1
DSC_Maker,3
ADPK,1
"5M DSC",1
"SANYO Electric Co., Ltd.",3
HITACHI,93
DigiCam,4
AIPTEK,2
"LG ELEC",9
HTC-TouchPRO,1
HTC-P4600,14
"Vista Quest",1
"Polaroid A700",2301
"ARGUS. Co.,Ltd",2
DV,1
SonyEricsson,6
MIRAGEFUSI,1
"Creative Labs",1
"LG Electronics Inc.",645
"DV 5100M",1
"LG Electronics Inc",2
KDDI-ST,7
PLA100Z,1
"7.2MP DigitalCAM",1
"Aiptek International Inc.",9
"SAMSUNG DIGITAL IMA",4
Q6085Bsnaxaz33504,2
"Digital Cam",1
HTC-ST7377,9
MIRAGETREN,1
Insignia,10
"MEDION AG",13
NYTECH,1
Nintendo,550
Q6055BSKAXLZ33701,3
VICTOR,52
"HD2 T8585",1
"Sony Corporation",2
Creative,1
"309AT 30",1
Sprint,1
"Concord Camera GmbH",2
"Pakon, Inc",1
"Minolta Co. Ltd.",1
"WWL .,LTD",1
DVC,1
"Kobian Pte Ltd.",3
"SkanHex Tech",1
SVPMe,2
"Zoran Corporation",6
Genius,2
"GoPro ..... .U..",7
"GoPro ..x.. DU..",5
"LG Electronicse",1
Telechips,1
DNINE,1
"DSC Manufacturer",3
GoPro...4><.@Wh.,1
"GoPro . |~..",8
"Liquid Image",1
"GoPro . .~..",5
Lotogram,2
"GoPro . d~..",90
"tinno make",8
Jag.gr,1
YULONG,3
camera360,1
"Cherry Mobile",1
monogram,1
SunplusMM,1
QMobile,25
"Hitachi Europe Ltd. in.",1
WALTON,19
Garmin,1
rk30sdk,1
MyCam,1
IMAGE,1
"MUVI DV",1
"8.0M Digital CAM",1
TECHNIKA,1
WIKO,3
SAMSUNG.L...,1
"luxmedia 16-Z52",1
"Agfa Gevaert",1
