Model,Counts
Nexus 4,1425
Nexus 5,2030
iPhone 5,23183
DMC-FS10,165
DMC-TZ5,2339
GT-I9000,806
NIKON D90,12717
CYBERSHOT,6224
COOLPIX L28,37
TG-2,874
NIKON D5100,2264
iPhone 6,3452
NIKON D7000,7021
iPhone 4,25818
NIKON D70s,4163
COOLPIX L21,398
COOLPIX S220,1227
E4600,949
E52-1,279
E66,179
E7-00,384
N73,2283
PENTAX Optio S6,654
GT-I9300,3228
GT-I9500,1858
DSC-T77,768
DSC-W510,191
"HD2..,%=.....",320
TG-310,98
iPhone 4S,20325
iPhone 6 Plus,1960
HERO3+ Black Edition,287
iPhone 5s,8554
Canon EOS 500D,9889
HTC One,2336
Canon PowerShot SD790 IS,1304
GT-I9082,348
Canon PowerShot SD1000,1627
Canon PowerShot SD1100 IS,1846
ADR6350,153
LG-VX8575,65
COOLPIX P300,528
DMC-FZ18,2353
DMC-LX5,1849
DSC-P41,144
DSC-S730,514
DSC-W100,2338
Canon EOS 450D,9123
Canon EOS 1000D,6961
Canon EOS 400D DIGITAL,12005
Canon EOS 550D,11011
5230,365
Lumia 1520,389
Lumia 625,44
Lumia 920,1349
Lumia 925,576
GT-S7500,25
DSC-S600,1332
COOLPIX S10,1332
"C2Z,D520Z,C220Z",517
iPad,2201
DMC-FZ100,1144
HDR-XR550,150
ILCE-7,553
Canon PowerShot SD1200 IS,1024
KODAK C663 ZOOM DIGITAL CAMER,147
KODAK EASYSHARE C643 ZOOM DIG,395
KODAK EASYSHARE C743 ZOOM DIG,378
HTC Sensation 4G,29
MB200,234
E5900,691
BlackBerry 8320,302
DSC-P10,2679
DSC-W55,3364
SCH-I545,379
Canon DIGITAL IXUS 860 IS,3137
COOLPIX P520,462
NEX-5,2398
NIKON D3100,6458
SP-620UZ,159
BlackBerry 9790,128
BlackBerry 9860,13
NIKON D300,2819
SLT-A77V,2225
iPhone 5c,1361
Hero3-Black Edition,2690
Windows Phone 8X by HTC,234
DSC-WX50,614
GT-I9192,20
DSC-N1,879
DSC-WX300,294
DMC-FZ45,746
iPhone,7886
COOLPIX P1,183
SP-1500,410
E5400,373
SP560UZ,344
Canon DIGITAL IXUS 75,1575
"u850SW,S850SW",680
DMC-TZ3,2885
DSC-T1,1946
GT-S7560,25
Canon EOS Kiss X4,791
DMC-GF5,63
HTC One X,1297
DMC-FS16,277
Aquaris E5 FHD,22
Canon PowerShot A720 IS,1720
Galaxy Nexus,2263
DSC-H2,1318
DSC-HX100V,2234
COOLPIX AW100,1279
COOLPIX AW110,1007
BlackBerry 9800,393
ST26i,16
FinePix F770EXR,56
HERO3+ Silver Edition,174
HTC One V,218
NEX-3,1527
Canon EOS DIGITAL REBEL XSi,4451
Canon EOS DIGITAL REBEL XT,5428
Canon PowerShot A570 IS,993
Canon PowerShot A60,1366
KODAK CX7330 ZOOM DIGITAL CAM,168
FinePix F470,71
C7070WZ,203
DMC-FX01,1430
Digimax A7/Kenox D7,57
<Digimax S500 / Kenox S500 / ,1609
SAMSUNG-SGH-I337,386
SAMSUNG-SGH-I777,186
DSC-P200,3174
iPhone 3G,2834
Canon EOS 5D Mark II,8391
FinePix XP10,33
NIKON D60,5948
DMC-G1,432
201,391
DSC-T2,454
Canon PowerShot SD400,2063
NIKON D200,3494
Canon PowerShot A540,1616
Canon PowerShot A75,2457
Canon PowerShot SX100 IS,2276
HTC Desire,1785
LG-P920n,11
LG-P920,16
LG-P920p,31
E90,445
C5060WZ,473
SAMSUNG ST60 / VLUU ST60 / SA,51
Canon EOS DIGITAL REBEL,2282
NIKON D70,5817
PENTAX Optio 33LF,239
PENTAX Optio 750Z,381
VLUU L200  / Samsung L200,2075
DSC-HX5V,3468
NIKON D40,8637
BlackBerry 9700,1311
NIKON D700,2306
Canon EOS REBEL T2i,4032
Canon PowerShot S2 IS,2014
Canon PowerShot SD200,264
Canon DIGITAL IXUS 70,2859
LG-P990,266
NIKON D80,13527
Canon PowerShot SD100,424
COOLPIX P2,730
"uT8000,ST8000",911
QV-5700,71
DMC-FZ50,1861
iPhone 3GS,6747
"uT6010,ST6010",225
WB250F/WB251F/WB252F,72
Canon PowerShot S80,592
Canon PowerShot S3 IS,4550
DSC-H7,2330
Canon PowerShot A70,3142
Canon PowerShot G10,3012
Canon EOS 40D,6721
Canon EOS 7D,8417
FinePix S5500,1645
DMC-FT20,78
DMC-ZR1,237
PENTAX K100D,799
Canon DIGITAL IXUS 500,490
Canon DIGITAL IXUS 60,2367
Canon EOS 300D DIGITAL,4305
Canon PowerShot A430,1126
Canon PowerShot A470,861
Canon PowerShot E1,242
Canon PowerShot SX1 IS,541
Canon PowerShot SX200 IS,2509
E5200,504
N72,29
QSS-29_31,800
AZ-1,14
C720UZ,462
DMC-F1,76
C905,562
K610i,675
K800i,3014
K810i,1271
K850i,790
KODAK DX7590 ZOOM DIGITAL CAM,539
DSC-W5,896
"X550,D545Z,C480Z",94
NEX-5N,2520
Canon EOS DIGITAL REBEL XTi,5549
Canon PowerShot A620,1691
COOLPIX L22,156
GT-N7100,1823
Canon PowerShot A510,1210
E3700,662
Canon DIGITAL IXUS 800 IS,1215
DSC-T10,2088
SM-N9005,806
COOLPIX P500,817
GT-I8190,357
Lumia 820,171
GT-I9295,68
LG-F320K,12
DMC-FZ150,1112
DSC-RX100,5016
NEX-3N,575
Deluxe Classic Cam,87
Canon EOS 350D DIGITAL,11472
Canon EOS 50D,4882
Canon PowerShot SX110 IS,1414
KODAK EASYSHARE CX6200 DIGITA,16
E3200,828
N70-1,557
"X450,D535Z,C370Z",89
DSC-W170,2205
HDR-AS30V,109
Canon DIGITAL IXUS 100 IS,1506
Canon EOS 20D,3471
Canon PowerShot A2200,172
Canon PowerShot S1 IS,1748
Canon PowerShot S100,391
Canon PowerShot SD110,225
Canon PowerShot SD700 IS,1493
Canon PowerShot SD870 IS,955
Canon PowerShot SD940 IS,496
KODAK DC3400 ZOOM DIGITAL CAM,230
FE190/X750,280
C750UZ,807
"C990Z,D490Z",166
DMC-TS4,306
PENTAX Optio W30,345
PENTAX WG-3 GPS,242
SM-N900V,54
DSC-W290,782
Cymera,33
D6503,350
Canon EOS Kiss X3,1070
DMC-FZ70,19
FinePix F11,204
DSC-W110,1053
Canon PowerShot SX30 IS,273
DiMAGE S414,465
DMC-FX3,718
DMC-LZ1,418
DMC-TZ40,1016
DMC-TZ7,2766
GT-I9505,2958
Canon DIGITAL IXUS 120 IS,246
Canon PowerShot A85,1380
SPH-L710,724
DSC-W200,3592
DSC-W270,508
DSC-W300,1880
KODAK DX3600 DIGITAL CAMERA,23
FinePix S602 ZOOM,1943
HP PhotoSmart 618 (V1.10),150
C760UZ,80
<Digimax D53>,799
DSC-P150,502
HP Photosmart M630,156
Photosmart M407,214
Canon PowerShot A20,408
DV,252
KODAK EASYSHARE C813 ZOOM DIG,383
DiMAGE X60,335
"C200Z,D510Z",467
KODAK DX6440 ZOOM DIGITAL CAM,319
NIKON D5000,4753
COOLPIX S200,406
COOLPIX S3000,347
COOLPIX S4000,334
BlackBerry 9650,83
SLP800,312
PENTAX Optio S50,181
NIKON D50,5886
Canon PowerShot A800,330
C765UZ,1228
GT-I9195,423
GT-S5830,730
DSC-R1,2086
Canon EOS 5D,2037
GR,49
ILCE-6000,738
Canon DIGITAL IXUS 65,1653
E-P1,2802
DMC-GF1,4039
DMC-TZ10,4679
GT-S8500,43
Nokia 800,179
Nokia Lumia 800,218
EX-P600,157
NIKON D3000,6486
"FE340,X855,C560",212
GT-I9100,7621
DSC-H20,2155
DSLR-A550,753
Canon PowerShot A710 IS,2104
Canon PowerShot G3,831
KODAK EASYSHARE C533 ZOOM DIG,28
KODAK EASYSHARE Z710 ZOOM DIG,177
KODAK Z650 ZOOM DIGITAL CAMER,221
FinePix F601 ZOOM,215
DiMAGE 7i,199
DMC-LS2,288
DMC-LS3,86
DSC-H1,1410
DSC-H9,1998
DSC-W120,1498
NEX-5T,213
COOLPIX S550,735
DMC-TZ30,747
KODAK DC290 Zoom Digital Came,341
C8080WZ,1154
DCR-TRV80,14
DSLR-A100,2540
SLT-A55V,5696
,1264
700,158
C6-01,31
Lumia 720,382
GT-I8262,25
GT-S5830i,66
GT-S7562,56
GT-S7582,176
Canon PowerShot A410,573
DSC-T7,2228
Canon EOS DIGITAL REBEL XS,2843
KODAK Z712 IS ZOOM DIGITAL CA,114
VLUU ST50/ SAMSUNG ST50,181
Canon PowerShot G7,2460
DiMAGE F100,247
KODAK DC280 ZOOM DIGITAL CAME,315
FinePix F480,162
DMC-FX07,871
SGH-I727,202
EX-Z1000,390
Canon EOS-1D Mark II,236
Desire HD,636
PC36100,555
COOLPIX S9,44
Canon PowerShot A530,4098
HTC Touch Diamond2 T5353,243
COOLPIX P600,16
DMC-LX7,434
SPH-D710,47
C6903,233
SP-2000,2021
"VLUU NV10, NV10",695
HDR-CX700E,13
Canon PowerShot S410,1254
E4500,973
DSC-HX1,2235
FinePix S100FS,301
EX-Z200,167
"FE210,X775",82
DMC-ZS7,829
Canon PowerShot S95,23
EX-Z110,229
SAMSUNG,341
6233,20
SP565UZ,121
DSC-W130,799
DMC-G6,228
DS309,38
DSLR-A500,840
Canon PowerShot A580,292
6120c,481
6500s-1,156
W850i,214
DiMAGE A2,345
NIKON D300S,2049
N95,4266
DSC-W50,3430
Canon PowerShot A1100 IS,242
Canon PowerShot A610,1395
Canon PowerShot A630,2403
Canon PowerShot A95,1378
Canon PowerShot S70,525
Canon PowerShot SX10 IS,1116
COOLPIX L1,503
E5700,1341
E775,989
DMC-FZ47,101
DMC-LZ7,1149
PENTAX K10D,2132
PENTAX K20D,427
NEX-7,1335
LG-D855,143
NIKON D3200,143
Canon PowerShot A3500 IS,150
E61i,485
E71,1078
Canon DIGITAL IXUS 55,1048
NIKON D40X,5685
"u10D,S300D,u300D",428
X-T1,258
E-M5,873
DSC-TX66,677
Canon PowerShot A460,572
Canon PowerShot A640,1764
ND-5040 Digital Camera,112
F16,151
Kodak CLAS Digital Film Scann,555
DiMAGE 7,296
COOLPIX L3,805
S1,509
DMC-LZ2,370
DMC-TZ1,1549
PENTAX Optio 330GS,99
DSC-P72,890
DSC-T9,2135
Canon PowerShot S90,3530
N95 8GB,1462
iPad mini,1404
E5600,1360
"u790SW,S790SW",637
DSC-T5,528
EX-Z60,680
EX-Z3,660
GT-I9003,167
HTC Wildfire,537
EX-ZR100,351
HTC Desire X,27
Canon PowerShot S50,1436
Protected,312
DSC-QX100,321
BlackBerry 9900,382
FinePix F100fd,824
COOLPIX L100,511
COOLPIX P100,1290
DSC-WX10,171
DiMAGE G400,218
U20i,70
PENTAX *ist DL2,559
Digimax A5,15
DMC-LX3,3339
HTL21,155
PENTAX K-r,793
Canon EOS 30D,2411
E-PL2,1979
FinePix XP50,22
E-M10,371
DSC-HX50V,480
DSC-W560,500
Canon DIGITAL IXUS 40,2994
Canon DIGITAL IXUS 50,1769
Canon PowerShot S45,1079
PENTAX K-30,281
210,373
221,248
226,121
235,177
236,68
256,283
260,256
E7900,855
DMC-FT1,198
XZ-1,1041
DMC-FZ72,50
DMC-GF6,95
DSC-HX50,334
SM-C101,270
FinePix HS10 HS11,1360
COOLPIX S5,324
PENTAX Optio MX,167
HD2..p.3..A..,151
DMC-FZ8,2344
BlackBerry 9300,128
Canon DIGITAL IXUS 980 IS,1055
Canon PowerShot A810,122
Lumia 520,132
"u840,S840",43
DMC-FS11,103
DSC-WX80,84
COOLPIX P7700,307
E995,830
LG-SU870,57
DSC-T100,1882
Canon PowerShot SD750,1695
QSS-32_33,2453
Canon PowerShot A2300,210
COOLPIX P50,517
COOLPIX P60,167
DMC-FH20,221
DMC-FZ40,405
DMC-ZS15,15
DMC-ZS5,447
DMC-ZS8,1209
DSC-W610,113
SM-G900F,318
CU-6530,45
Canon DIGITAL IXUS 30,263
Canon DIGITAL IXUS 400,2207
Canon DIGITAL IXUS 700,2850
Canon DIGITAL IXUS 85 IS,1696
Canon DIGITAL IXUS 95 IS,1928
Canon DIGITAL IXUS v2,430
FinePix S2000HD S2100HD,428
FinePix S5700 S700,1612
E8700,418
N78,65
E-P2,1353
E-PL3,1532
DMC-FS15,605
DMC-FX1,239
DMC-FX50,411
DMC-GH1,313
PENTAX Optio S,1100
V630i,42
CYBERSHOT U,656
1210K POWERC@M OPTICAL ZOOM,82
Fujifilm A170 A180,270
QCAM-AA,338
DigitalCam Pro,69
6300,358
DSC-W220,332
DSC-W80,1477
X100S,85
DSC-W17,321
HTC Wildfire S A510e,345
Canon IXY DIGITAL 500,316
Canon PowerShot G9,4134
Nexus One,1438
FinePix6800 ZOOM,37
D-LUX2,439
Canon PowerShot S5 IS,2971
DiMAGE Z3,1530
COOLPIX P330,154
Canon EOS 10D,1480
DMC-FX9,1338
Canon PowerShot SD780 IS,2206
ADR6400L,328
DSC-T70,1356
Canon DIGITAL IXUS,322
"u720SW,S720SW",873
LG-D802,119
DMC-FZ3,125
Digimax 200,44
Canon DIGITAL IXUS 90 IS,1589
EX-Z1200,1104
Digimax A502,167
K750i,1508
iPad Air,79
HTC Desire HD A9191,463
BlackBerry 9000,394
GT-I9305,300
COOLPIX L6,560
COOLPIX S630,53
E7600,784
"u770SW,S770SW",1028
<KENOX S630  / Samsung S630>,692
Canon DIGITAL IXUS 750,1807
FinePix S1500,766
HTC-S620,168
E3500,88
DSLR-A200,2277
Canon PowerShot SD630,855
KODAK EASYSHARE ZD710 ZOOM DI,86
DSC-W320,459
Canon PowerShot G5,1138
DSC-RX100M2,565
Canon PowerShot SD600,1378
SP-3000,1532
FinePix S5Pro,344
Nexus S,923
GT-S5360,341
FinePix J15fd,151
DMC-FZ28,2967
Canon PowerShot SD800 IS,2307
NIKON D1,53
DMC-TZ6,797
PHOTOfunSTUDIO,29
XT1092,218
Canon PowerShot SX50 HS,35
HUAWEI Y300-0100,12
DMC-F3,229
HTC Legend,173
DMC-FX520,385
DSC-S90,429
DSC-W35,1685
Canon PowerShot SX120 IS,1391
blade,58
FinePix HS30EXR,656
Lumia 1020,841
Nokia Lumia 900,80
DMC-LS6,31
SGH-i900,254
DSC-S650,235
EX-Z33,154
Hero3-Silver Edition,363
NX300,373
DSC-W710,30
COOLPIX S210,1750
KODAK EASYSHARE M530 Digital ,221
COOLPIX S3300,77
N76,16
C702,14
S500i,156
Z610i,130
DSC-W310,313
Canon PowerShot Pro1,1077
VS980 4G,11
Droid,585
"C70Z,C7000Z",841
E-PL1,2398
NX2000,150
SCH-I535,897
SCH-I605,82
SM-G900V,150
DSC-RX100M3,192
DSC-TX5,1322
DSC-WX150,547
DSC-WX350,154
HTC_HD2,83
COOLPIX S9100,426
IS 12,68
DMC-FZ7,855
X-E1,1869
DSLR-A230,755
SLT-A58,304
"u-miniD,Stylus V",162
PENTAX Optio S7,534
MST-X7,21
Canon DIGITAL IXUS 430,247
EX-Z1050,527
EX-Z120,53
HTC Sensation Z710e,317
DMC-G2,940
DMC-LZ5,115
"NV8 , VLUU NV8",251
Canon PowerShot A40,602
SLP1000SE,442
Canon PowerShot SX210 IS,401
Canon PowerShot TX1,444
SM-N910C,47
Lumia 620,258
EK-GC100,858
E4300,855
DMC-FX30,1257
CamileoX200,11
DMC-TZ41,368
"X-3,C-60Z",34
Canon PowerShot A310,62
Canon PowerShot A560,1311
EX-S500,1011
EX-Z80,605
EX-Z90,216
KODAK DX3500 DIGITAL CAMERA,294
KODAK EASYSHARE V1003 ZOOM DI,371
KODAK V550 ZOOM DIGITAL CAMER,302
HP DSC CB350,155
HTC HD2 T8585,199
MD410Z3,51
N8-00,2713
N96,1691
"C160,D395",119
"u30D,S410D,u410D",382
E-510,816
"C3100Z,C3020Z",323
DMC-FZ38,1377
RDC-7,150
HD1000,29
DSC-H10,1569
DSC-S40,511
DSC-T110,150
DSC-TX20,512
DSC-TX7,1056
DSC-W210,1266
DSC-WX1,1118
DSLR-A300,2663
DSLR-A330,1182
DSLR-A900,140
COOLPIX L830,35
SGH-T989,184
DSC-HX20V,4030
ILCA-77M2,151
FinePix S6800,240
GT-I8552B,71
NX1000,1013
HTC EVO 3D X515m,117
Canon PowerShot SX40 HS,54
DSC-WX100,997
Inspire 4G,198
DSC-HX30V,1183
Canon DIGITAL IXUS 80 IS,1797
Vivicam4000,251
HERO4 Black,39
DiMAGE X,255
COOLPIX S51c,306
E51,245
Nokia N81,33
DSC-W30,872
DigitalCAM,12
Canon PowerShot A480,1654
SP590UZ,737
SP800UZ,518
HD3 Better,26
Canon DIGITAL IXUS 950 IS,828
Canon PowerShot G15,236
"FE220,X785",115
DC 7900,11
Canon PowerShot A520,1996
KODAK DX6490 ZOOM DIGITAL CAM,1393
DMC-FX12,256
DiMAGE F300,144
PENTAX K200D,776
E5000,281
Canon EOS-1Ds Mark II,131
DMC-TZ20,1558
CD MAVICA,182
DSC-U60,351
N82,2120
SP-2500,167
E2100,1074
DSC-HX9V,2922
GT-I9105P,66
NIKON D100,860
Canon PowerShot S10,72
EX-H15,170
EX-M2,198
DiMAGE Xt,390
COOLPIX P7000,188
COOLPIX S203,177
E885,565
"u1010,S1010",424
X3-00,32
QV-4000,101
FinePix F810,59
U-CA 3 Digital Camera,36
E2000,913
E800,170
6303 classic,62
"C40Z,D40Z",162
Digimax A400,94
"X-2,C-50Z",270
Canon EOS Kiss X2,443
DSC-TX1,1242
Canon EOS 60D,472
Canon PowerShot G12,81
Canon PowerShot SD890 IS,374
EX-Z1,103
COOLPIX S30,225
DSC-T300,911
DSC-T3,791
Canon PowerShot A400,598
COOLPIX P530,90
HP DSC PW460t,99
LG-P880,45
1,17
SP2,13
FinePix S1000fd,1251
EX-FH20,258
FinePix Z100fd,643
DSC-WX5,107
HTC_P4350,57
DiMAGE E323,363
"X200,D560Z,C350Z",179
DMC-LC33,56
Canon IXY DIGITAL 320,31
Canon PowerShot S40,581
HTC Touch HD T8282,410
6730c,12
FinePix F70EXR,187
FinePix F402,54
FinePix Z10fd,344
X6-00,246
W810i,1169
EX-Z50,78
KODAK EASYSHARE Z915 DIGITAL ,72
V-LUX 1,237
VS660,46
5800 Xpres,717
BlackBerry 9780,318
DSC-W180,329
DSC-W190,71
DROID RAZRu,11
DROID RAZR,150
DROID RAZRs,13
EX-Z75,1245
"C300Z,D550Z",327
Canon PowerShot G2,2214
DSC-P100,1002
FinePix A203,18
PENTAX Optio A30,437
DSC-TX10,564
D-LUX 3,368
DMC-G3,1716
GT-I9100G,96
DMC-TZ31,85
E2500,293
E-500,1812
E-5,364
R-D1,194
DSC-W7,1236
FinePix A330,76
PENTAX K110D,576
PENTAX Optio RZ18,191
3120 classic,32
EX-V8,197
DiMAGE Xi,208
M8 Digital Camera,75
E4200,146
E990,267
DMC-TZ8,538
QSS-29,34
Canon PowerShot A590 IS,1411
GT-N7000,939
DSC-H50,1612
C770UZ,522
SP550UZ,1345
NIKON D3S,1536
FinePix Z2,73
E65,654
E75-1,153
BlackBerry 8310,415
C2020Z,112
C3000Z,304
DMC-FZ30,427
PENTAX Optio S5n,194
DMC-TZ15,786
"D595Z,C500Z",228
DSC-W1,2691
Canon PowerShot SD950 IS,47
DSC-T700,620
FinePix2400Zoom,184
DMC-TZ4,607
COOLPIX L120,749
COOLPIX L16,213
COOLPIX L310,604
C700UZ,244
DMC-FS6,211
P9521,31
DSC-V1,1327
DSLR-A700,1944
<KENOX S730  / Samsung S730>,1188
FinePix E550,537
FinePix S9600,99
DMC-FX700,287
FinePix S9500,187
N85,279
"VR310,D720",161
FinePix X100,322
6288,73
E-P3,1510
W890i,50
DSC-N2,2231
SZ-17,24
Canon EOS-1D Mark II N,440
D-LUX 4,371
KODAK DC4800 ZOOM DIGITAL CAM,45
DMC-F2,74
DSC-H55,1894
808 PureView,4390
C7-00,277
"X100,D540Z,C310Z",686
DSC-P8,1289
KODAK EASYSHARE Z1085 IS ZOOM,155
Canon EOS Kiss Digital X,765
Canon PowerShot A495,544
W580i,732
N705imyu,37
FinePix S8000fd,1297
W62S,36
ST18i,78
W910i,115
Canon DIGITAL IXUS II,474
EX-Z10,524
Nexus 7,13
KODAK CX7530 ZOOM DIGITAL CAM,656
KODAK EASYSHARE Z1012 IS Digi,406
DSC-P32,811
DSC-WX9,1055
DSC-T20,1532
DSC-T33,342
KODAK EASYSHARE CX7300 DIGITA,153
GT-I9200,58
Canon PowerShot A1000 IS,986
DSC-H3,1477
BlackBerry 8520,511
NX10,703
C5,29
Canon PowerShot SX150 IS,128
FinePix S7000,657
DMC-FZ200,871
COOLPIX S6,359
BlackBerry 8300,144
BlackBerry 8100 Series,679
Canon IXUS 230 HS,23
E8800,172
DSC-T30,1136
Canon PowerShot SD960 IS,388
GT-I9100M,35
N97,453
C2100UZ,707
DMC-FZ20,937
DMC-GH4,150
FinePix JV100,138
"X250,D560Z,C350Z",62
DMC-FZ62,151
FinePix A210,166
FinePix A900,137
FinePix S5600,963
Canon PowerShot SX280 HS,42
"FE4000,X920,X925",309
HDR-TG3E,25
E950,3837
FinePix S5000,1008
Canon DIGITAL IXUS v,181
DMC-FS30,593
DMC-SZ1,181
<VLUU L730  / Samsung L730>,40
EX-S600,701
BlackBerry 8900,821
Picture Motion Browser,27
Canon IXY DIGITAL 25 IS,393
FinePix A350,102
Olloclip,14
DMC-FS42,80
W610i,259
DSC-W830,103
KODAK V1253 ZOOM DIGITAL CAME,78
BlackBerry 9810,103
DMC-TZ35,26
DSC-W90,912
Canon DIGITAL IXUS 850 IS,1898
W880i,525
E2200,114
GT-P1000,345
DMC-FZ10,413
DC1500,39
Canon EOS REBEL T3i,35
E-400,591
KODAK V570 DUAL LENS DIGITAL ,12
Konica Digital Camera KD-400Z,318
CA8,116
Canon PowerShot G11,3727
Elf100,16
E-M1,176
DMC-FT3,398
W900i,176
Canon PowerShot SD300,541
BlackBerry 8530,62
"X350,D575Z,C360Z",45
Canon PowerShot A300,478
Canon PowerShot S20,196
FinePix S1700,73
DiMAGE Z1,790
DC3301,26
Canon PowerShot SD500,520
Canon PowerShot SD550,575
Canon PowerShot SD880 IS,499
DMC-LZ3,427
NEX-F3,1503
FinePix50i,39
Canon PowerShot S30,788
Canon PowerShot S400,1124
SAMSUNG GX10,59
DSC-T50,729
Canon EOS D60,393
COOLPIX S8,372
K770i,355
W700i,63
EX-Z6,151
DiMAGE Xg,198
W800i,1542
E-410,768
DMC-FZ5,992
Canon DIGITAL IXUS 900Ti,348
Canon DIGITAL IXUS 960 IS,1357
EX-Z600,103
"NV24HD, VLUU NV24HD, LANDIAO ",522
E-3,206
DMC-LX2,2091
DSC-F828,1649
"uT6000,ST6000",282
DSC-M2,325
Canon PowerShot A550,826
Canon IXY DIGITAL 400,24
TDC5010,15
DSC-T200,475
T-Mobile G1,598
DSC-W70,1458
2MP-DSC,32
"KODAK EASYSHARE Touch Camera,",113
COOLPIX S6500,152
HP PhotoSmart R707 (V01.00)+,561
HP PhotoSmart R707 (V01.00),165
DSC-S2000,39
iPod touch,700
HERO3+Silver Edition,183
"u1030SW,S1030SW",496
DMC-TZ11,125
IX-30,16
Canon PowerShot A490,160
KODAK LS753 ZOOM DIGITAL CAME,320
255,254
261,255
262,309
267,113
Canon IXY DIGITAL 910 IS,325
RICOH GX200,830
COOLPIX L18,169
COOLPIX L5,298
Canon DIGITAL IXUS i zoom,333
Canon PowerShot SD450,452
Digital Cam,188
COOLPIX L14,213
N97 mini,354
BlackBerry PlayBook,242
SONY ERICSSON P990i,325
DSLR-A350,1216
NIKON D2Xs,682
Z550i,23
COOLPIX S4,644
MiTwo,131
Canon EOS REBEL T3,122
Canon EOS Kiss Digital N,507
DMC-SZ7,242
DMC-TZ18,42
Canon PowerShot SD850 IS,748
"FE-140,X-725",131
DMC-FX7,650
Canon PowerShot A80,2804
FinePix F30,802
Canon DIGITAL IXUS 300,181
Canon EOS 5D Mark III,35
Canon PowerShot D10,3828
Canon PowerShot A2000 IS,790
AD683G,136
Lenovo P780,17
P780_ROW,37
2710c-2,150
K510i,380
WM8850-12,13
FinePix F700,319
Android Dev Phone 1,219
HTC Touch Diamond P3700,960
T-Mobile G2,188
LS-8000,19
LS-9000,610
generic,29
Canon DIGITAL IXUS 990 IS,397
Canon PowerShot S230,1012
C740UZ,1085
DMC-ZS30,147
DiMAGE X50,282
FinePix JV160,49
u730/S730,44
D5503,221
Canon IXY DIGITAL 70,214
Pro 815,178
Canon PowerShot SX20 IS,1369
COOLPIX L11,446
DSC-L1,370
COOLPIX P5100,507
HP PhotoSmart R927  (V01.00),77
COOLPIX L12,462
C2040Z,196
BlackBerry 9500,25
N93,628
NV5 / VLUU NV5,150
SP510UZ,298
Canon DIGITAL IXUS v3,312
FinePix F40fd,270
Hermes,308
HTC Desire HD,64
HTC Touch Pro T7272,185
PENTAX K-7,893
DSC-W380,190
KODAK DX6340 ZOOM DIGITAL CAM,415
KODAK Z1285 ZOOM DIGITAL CAME,42
DROIDX,149
DMC-LC43,96
SCH-i910,191
DSC-H5,1888
KODAK EASYSHARE C433 ZOOM DIG,18
COOLPIX S9500,702
DSC-S2100,375
HTC_PN071,258
COOLPIX P80,2130
SGH-D980,17
SAMSUNG PL50 / VLUU PL50 / SA,286
"FE370,X880,C575",139
HDR-CX110,48
PMB,68
"u710,S710",120
YHDC5170TQ2.jp,122
DSC-W150,1382
NEX-6,1180
HTC Hero,388
CONTAX SL300R T*,18
DS5MP,117
NIKON D2X,982
PENTAX Optio W10,83
HTC Incredible S,165
"u40D,S500,uD500",297
DMC-ZS3,646
FinePix S3000,204
FinePix S3100,82
831C,150
Photosmart M307,14
Digimax A402,42
DC-T50,143
"uD600,S600",405
Canon DIGITAL IXUS i,526
225,218
250,230
Motorola Phone,210
6110,76
Canon IXY DIGITAL 800 IS,313
F90x,66
KODAK CX6330 ZOOM DIGITAL CAM,793
EX-Z55,1200
DSC-W350,598
SLT-A65V,1024
ADR6300,322
HTC Sensation XE with Beats A,204
HDR-XR520E,96
KODAK DX4900 ZOOM DIGITAL CAM,189
COOLPIX S3,380
Canon EOS REBEL T1i,3655
HP psc1500,17
TCL D40 DUAL,48
DiMAGE G600,435
Canon IXY DIGITAL 920 IS,386
Xda Orbit,18
HD800,62
C6603,353
DSC-P92,607
Canon DIGITAL IXUS 970 IS,385
NIKON D3,1303
Canon PowerShot S110,394
FinePix S1730,376
BlackBerry 8120,31
"u1050SW,S1050SW",83
Canon PowerShot A700,1649
FE230/X790,140
265,24
266,12
HDR-SR11E,13
GT-P6200,13
Canon PowerShot S500,337
KODAK EASYSHARE M863 DIGITAL ,349
KODAK P850 ZOOM DIGITAL CAMER,178
FinePix Z33WP,232
YHDC51700v1.jp,42
PENTAX Optio 43WR,193
PENTAX Optio W20,516
PENTAX Optio WP,348
HTC Sensation XL with Beats A,27
EZX Camera,14
PENTAX Optio M20,199
DIGILUX 3,325
COOLPIX P6000,1094
EX-FC100,46
DMC-FX8,640
EX-Z330,140
E-420,1797
EX-Z750,840
DMC-L10,121
Canon EOS-1D Mark IV,450
DMC-ZX1,393
S5230,51
LT26i,172
Canon PowerShot SX230 HS,27
DSC,77
DC-4330,112
DC E820%x.%04xCop,132
8MP-9Q6,164
Canon DIGITAL IXUS 110 IS,956
EX-S880,173
EX-Z500,169
EX-Z40,1008
EX-Z57,197
QV-R40,410
FinePix A303,92
FinePix F31fd,301
FinePix F50fd,252
FinePix F60fd,298
FinePix Z1,359
FinePix Z20fd,701
HTC One 801e,241
DYNAX 5D,715
IR-300,174
PENTAX Optio E50,17
Caplio R6,229
S4,187
DCR-SR100,49
EX-Z70,384
FinePix J50,77
DMC-FX10,333
DMC-FX33,885
D-LUX 6,175
DSC-WX7,466
KODAK PIXPRO SP360,148
QSS,470
EX-S10,995
KODAK EASYSHARE C195 Digital ,218
KODAK EASYSHARE M531 Digital ,52
DSC-T11,314
"FE5020,X935",327
BlackBerry 9630,121
C5050Z,705
DMC-GF2,1413
SGH-G600,22
5MP-9A3,35
Canon EOS 600D,371
Streak,94
Thunder,24
HTC Butterfly,53
HTC Desire 816 dual sim,12
HTC Desire C,54
HTC Desire S,626
HTC Desire SV,37
HTC Desire VC,11
HTC One (M8 Eye),51
HTC One S,45
HTC One X+,122
HTC One_E8 dual sim,81
HTC One_M8,228
Radar C110e,37
RE,243
DiMAGE Z6,417
A6000,16
Lenovo X2-AP,26
LG-E612,14
LG-E730,16
LG-P970,126
Lumia 532 Dual SIM,19
RM-1090,55
MB525,259
MotoE2,20
XT1022,18
XT1068,51
XT1225,39
COOLPIX S800c,74
200,35
303,14
311,15
5233,20
600,122
6700s,88
701,146
C3-00,215
C5-00,73
C6-00,127
E5-00,65
E6-00,62
E72-1,278
Lumia 928,132
N86 8MP,541
Nokia Lumia 510,13
Nokia Lumia 710,75
X7-00,46
Find7,35
Blackberry Z10,57
GT-I8350,14
X10i,57
E16i,12
LT15i,96
LT26ii,26
LT28h,17
MT25i,11
MT27i,18
R800i,71
ST25i,82
ST27i,13
U1i,204
C6502,21
C6902,120
D5102,33
D5322,18
D5833,147
D6653,111
DSC-QX10,142
vivo X5Max,53
WHATISIT,16
HM NOTE,155
HM1S,25
MI4,71
YUREKA,18
Canon PowerShot A4000 IS,146
Canon PowerShot S200,528
Canon PowerShot S330,570
RAZRV3x,219
XT1080,137
Gran Turismo 5,39
KODAK EASYSHARE Z950 DIGITAL ,65
"FE280,X820,C520",188
T650i,226
DSLR-A580,473
Photosmart M417,111
HTC6435LVW,21
TG-1,386
"u20D,S400D,u400D",337
SP500UZ,375
5530,54
C-LUX 2,379
DC2302,13
EX-Z100,255
K790i,358
DMC-FZ2,71
DMC-FX35,1272
SONY ERICSSON P1i,527
DMC-FX500,548
N79,415
HP PhotoSmart R707 (V01.00)d,284
"E-20,E-20N,E-20P",144
PENTAX K-5,913
QSS-30,343
DiMAGE X20,155
iPad 3G,19
DSC-M1,323
KODAK EASYSHARE M381 DIGITAL ,150
BlackBerry 8330,258
DMC-FT2,231
PENTAX Optio 555,266
SZ-30MR,129
"u780,S780",45
DMC-FX37,325
E3100,697
EX-Z65,31
KODAK EASYSHARE C613 ZOOM DIG,365
U8860,37
Canon HF100,29
Canon PowerShot SD770 IS,77
185,87
190,150
DMC-LZ8,299
KODAK C875 ZOOM DIGITAL CAMER,195
PENTAX Optio M50,47
KM900,18
HP Photosmart M537,77
YHDC5170.m2.jp,53
PENTAX Optio S4,474
HP PhotoSmart C850 (V05.31),24
FinePix T300,16
DSC-RX1,3216
LEICA X2,706
KODAK EASYSHARE C315 DIGITAL ,43
KODAK Z740 ZOOM DIGITAL CAMER,402
Frontier SP-3000,29
X-300,98
DMC-FS5,582
COOLPIX S560,362
DMC-ZS1,170
SLT-A57,1117
LEICA X1,683
Canon EOS Kiss F,104
Canon IXY DIGITAL 10,179
C1504,78
KODAK EASYSHARE M1033 DIGITAL,216
DSC-P93,224
KODAK CX7525 ZOOM DIGITAL CAM,66
HP Photosmart R960  (V01.00),172
PENTAX *ist DL,496
Canon PowerShot A2500,151
FinePix F460,189
FinePix J30 J32 J38,116
PENTAX Optio P80,352
Canon PowerShot A3400 IS,48
Canon PowerShot SD990 IS,79
180,107
KODAK Z7590 ZOOM DIGITAL CAME,19
SLT-A37,1572
GT-I9100P,43
MDA_Vario_IV,31
DiMAGE Z2,827
DMC-GX1,1148
GR DIGITAL 3,1153
PENTAX Optio 330,97
PENTAX Optio 50L,54
DMC-TZ60,34
USB Camera,16
DC-3305,22
DSC-S60,744
unknown,143
EX-Z450,55
PENTAX Optio WPi,515
LT30p,14
Xperia M2,70
E-520,657
SAMSUNG WB600 / VLUU WB600 / ,212
SAMSUNG WB750,78
COOLPIX L2,219
DSC-W570,434
GZ_HD7,188
"u795SW,S795SW",394
DSC-HX200V,2475
PENTAX Optio H90,354
BlackBerry 9360,176
Konica Digital Camera KD-410Z,63
HP PhotoSmart C945 (V01.67),35
PENTAX Optio S5i,487
KODAK LS743 ZOOM DIGITAL CAME,126
COOLPIX S8100,1385
MT15i,61
DSC-HX10V,2773
Canon EOS-1D Mark III,493
EX-ZR1000,202
KODAK EASYSHARE V803 ZOOM DIG,50
FinePix S2000HD,805
Caplio R7,514
SH1810C,316
SH9010,150
SX833,17
SX862,179
HDR-XR500E,92
NEX-5C,120
NEX-C3,1268
COOLPIX S9300,45
DSC-TX30,34
Vivicam8300s,116
DSC-P73,3107
COOLPIX S500,288
GR DIGITAL 2,1282
RICOH R10,206
"C120,D380",38
BlackBerry 9930,23
SAMSUNG-SM-G900A,27
DMC-FS7,326
EX-H10,548
EX-Z400,352
DMC-TZ22,256
KODAK Z760 ZOOM DIGITAL CAMER,300
COOLPIX S230,102
FinePix F455,322
DiMAGE G500,24
Canon IXY DIGITAL 60,71
Finecam SL300R,133
DMC-FX100,547
FinePix S2950,1014
VLUU L77 / L77 Digital Camera,157
DC E800,31
HP PhotoSmart R927  (V01.00)+,24
DMC-GX7,223
EX-Z700,17
EX-V7,366
PENTAX Optio S4i,514
x530,19
Canon IXY DIGITAL 700,333
SO-01B,182
LGP500,82
W595,41
GT-I9100T,111
Canon PowerShot SD900,63
Canon EOS-1Ds Mark III,197
Canon IXY DIGITAL 510 IS,157
EX-ZR300,266
EX-ZR310,170
SC-06D,161
220,102
231,44
251,54
252,191
FinePix S5800 S800,394
Canon PowerShot A3000 IS,242
COOLPIX L4,228
"FE5010,X915",159
ViviCam3746,11
DSC-W12,137
KODAK EASYSHARE C1013 DIGITAL,82
DMC-FT10,24
PENTAX Optio E40,349
PENTAX Optio S10,60
PENTAX Optio S5z,48
CA65,106
SAMSUNG-SGH-I317,179
5700,38
GT-S6802,81
DC-2320,212
ND-4020 Digital Camera,67
KODAK DX7630 ZOOM DIGITAL CAM,600
KODAK LS443 ZOOM DIGITAL CAME,377
FinePix A345,450
FinePix Z35,45
GX-1L,86
GT-S6500D,18
Canon PowerShot SD970 IS,299
Canon VIXIA HF20,24
EX-Z2000,89
KODAK EASYSHARE M575 Digital ,78
HP PhotoSmart C935 (V03.75),30
NIKON D2H,551
COOLPIX L110,808
DSC-S700,128
QV-R41,93
QV-R61,334
FinePix S6500fd,143
PENTAX K2000,43
T-Mobile Dash,42
FinePix S4000,87
Canon DIGITAL IXUS i7 zoom,162
Konica Digital Camera KD-500Z,15
K608i,95
DSC-T900,476
Canon IXUS 105,150
E-620,842
iPad Air 2,113
"KODAK PlayTouch Video Camera,",34
DMC-S3,93
FDMAVICA,100
N80,457
COOLPIX P3,24
<KENOX S1050  / Samsung S1050,758
Canon EOS 1100D,247
KODAK EASYSHARE M1063 DIGITAL,42
GT-S3353,37
E-PM1,782
PENTAX Optio M40,364
HUAWEI P7-L10,24
SAMSUNG ES9/SAMSUNG ES8,11
"SAMSUNG PL20,PL21 / VLUU PL20",200
DSC-HX300,216
DCR-SR220E,54
DSC-W580,227
KODAK V530 ZOOM DIGITAL CAMER,11
EX-Z1080,217
"VG160,X990,D745",85
HTC Magic,82
DSC-W40,214
BlackBerry Q10,26
Canon PowerShot A650 IS,484
Optio E85,59
hp PhotoSmart 320,13
E6,34
ILCE-3000,56
3120classic,31
Canon IXY 200F,58
Canon IXY DIGITAL L3,209
RICOH R8,76
DSC-TX100V,68
PENTAX Optio E90,83
MB855,167
230,93
SGH-T999,161
SP570UZ,612
DSC-V3,464
PENTAX K100D Super,716
GZ-MG505,36
GD880,11
E720,65
GM360,27
LG-D955,48
HDR-PJ780VE,20
NEX-VG30E,76
d-lab.2/3,59
KODAK DX3900 ZOOM DIGITAL CAM,221
PENTAX Optio M30,20
Canon DIGITAL IXUS 870 IS,255
HP PhotoSmart R607 (V01.00),194
DMC-FX40,166
DMC-FT4,176
FE4040,21
DiMAGE A200,364
PENTAX *ist DS,232
"KODAK PLAYSPORT Video Camera,",74
NEX-5R,1410
Pre,367
Canon PowerShot G6,795
Aquaris 5 HD,69
EX-ZS5,33
HDR-TG7VE,84
HDR-XR160E,40
Canon PowerShot SD10,123
E8400,28
PENTAX Optio P70,107
6280,68
6600s,19
7390,15
DSC-T90,416
500,16
Caplio GX100,696
GR Digital,71
"T105,T100,X36",11
FinePix S304,45
9999,104
Canon EOS Kiss Digital,32
N90-1,17
DMC-TZ2,690
DSC-S950,221
EX-Z77,655
DMC-FZ35,1027
D50,71
"FE320,X835,C540",54
PENTAX Optio 230,221
EX-Z8,129
KODAK DX4530 ZOOM DIGITAL CAM,334
HTC6525LV,173
Eris,198
HTC6525LVW,365
GR DIGITAL 4,325
G2,150
PENTAX Optio WG-1,11
KODAK EASYSHARE Z1015 IS DIGI,491
GT-S6802B,17
GT-I9070,17
HP PhotoSmart R817  (V01.00)+,34
PENTAX Optio WG-1 GPS,226
ST15i,56
ST17i,12
NX1100,22
QV-R4,62
C3030Z,159
GT-S8000,16
FinePixS2Pro,311
DiMAGE X31,124
"u700,S700",585
Canon PowerShot SD20,49
Canon PowerShot SX510 HS,16
NIKON D7100,15
SM-G800F,301
PENTAX Optio E35,22
KODAK V705 DUAL LENS DIGITAL ,33
KODAK Z730 ZOOM DIGITAL CAMER,266
S5,215
DSC-P93A,485
RAZR i,22
Milestone,83
DMC-FZ1,115
PENTAX K-01,162
PDRM70,150
FinePix AV150,177
E880,176
NIKON D1H,95
S2,15
COOLPIX P90,978
E-300,658
A835,18
DSC-P52,472
175,30
Canon IXY DIGITAL 300,11
Canon IXY DIGITAL 30,57
C1,33
FinePix S4400,157
EX-S100,61
DMC-LX100,201
Canon PowerShot SX130 IS,32
5130c-2,150
Canon DIGITAL IXUS i5,134
"SAMSUNG WB500, WB510 / VLUU W",38
EX1,371
GT-S5300,52
PENTAX K-m,296
XT1033,77
FinePix E500,122
Vodafone 845,28
GT-N7105,718
X2-00,16
DSC-W115,11
DiMAGE X1,35
DSC-U40,171
A853,25
KODAK EASYSHARE M883 ZOOM DIG,134
HTC One mini,214
Camera,46
KODAK EASYSHARE C142 DIGITAL ,20
7210 Supernova,11
"NV11, VLUU NV11",138
SAMSUNG ST65 / VLUU ST65 / SA,31
HXR-NX30P,32
HTC_Touch_HD_T8282,58
FinePix Z30,12
"u5010,S5010",59
DMC-GH2,277
PlayStation(R)4,22
Polaroid,59
Photosmart M425,177
GT-S5233S,15
DSC-W215,83
EX-Z19,22
524Z3 Digital Camera,36
"u-miniS,StylusVS",162
Unknown Sensor,13
DSC-P120,448
HERO,149
liquid,24
HTC Smart,17
HTC Touch2 T3333,29
HTC Wildfire S,155
MB860,392
GT-i8910,36
DMC-FS25,44
E-PL5,1471
E100RS,179
COOLPIX S32,20
SZ-10,383
DMC-TZ25,211
DMC-FX180,173
FinePix4800 ZOOM,20
DSC-U30,170
EX-Z250,240
DMC-FX580,257
SONY ERICSSON W960i,197
Canon VIXIA HF G10,115
Canon VIXIA HF R10,142
KODAK CX7430 ZOOM DIGITAL CAM,197
KODAK EASYSHARE M340 Digital ,356
KODAK EASYSHARE M763 DIGITAL ,342
FP1,313
FinePix S8200,93
COOLPIX S3100,263
"VG110,D700",15
DMC-FS62,191
DMC-ZS10,523
HDC-TM80,83
PENTAX Optio W60,2080
SGH-T889,127
DSC-H90,11
6710s,215
HTC_P3450,32
HDR-PJ660VE,51
NIKON D600,38
EX-Z4,296
DCZ 5.5,96
"u820,S820",18
DMC-FT25,14
DMC-FX60,88
GT-S3653,50
DSLR-A380,363
SP350,252
SZ-14,249
VPC-E1000,57
DSC-H70,890
2730 classic,14
"u1060,S1060",21
150,20
155,150
160,179
170,17
PENTAX Optio W80,360
HDR-SR10E,195
KODAK DC5000 ZOOM DIGITAL CAM,57
XT1052,28
DMC-FS3,316
D-LUX 5,525
QV-R100,150
BlackBerry 9530,94
FinePix A340,367
KODAK DIGITAL SCIENCE DC260 (,158
FinePix F10,228
SAMSUNG GX20,57
KODAK P712 ZOOM DIGITAL CAMER,13
KP500,32
COOLPIX S710,141
Canon PowerShot SD1300 IS,148
DYNAX 7D,304
DSC-T99,122
GT-S6102,39
Canon IXY DIGITAL L,15
Canon PowerShot S60,1154
COOLPIX P340,295
FinePix S3500,64
"C170,D425",23
Canon IXY DIGITAL 900 IS,397
C730UZ,110
HTC 809d,150
SCH-I939,97
EX-H5,36
HD7 T9292,60
COOLPIX S2600,173
DMC-FS9,35
EX-S770,549
DC-833s,117
SH9130C,19
C3-01,30
Nokia 1020,150
LT22i,17
FinePix4900ZOOM,195
C2000Z,99
N71,24
BenQ DC X735,166
DSC-W125,16
MHS-PM5,40
hp photosmart 720,3704
EOS REBEL T1i,21
Canon LEGRIA HF200,138
KODAK Zi6 Pocket Video Camera,291
DMC-TS1,318
GT-S5570,50
6303i classic,109
U-CA 4 Digital Camera,70
PENTAX X90,208
KODAK EASYSHARE C140 DIGITAL ,215
XT1049,179
DMC-FH24,160
LG-SU660,37
LG-LU6000,107
C4040Z,133
Anycall SCH-M490,69
Anycall SPH-W8550,48
SCH-W550,146
EK-KC120S,64
NX200,221
SHV-E210K,120
SHV-E210S,12
SHV-E250K,151
SHV-E300K,53
SHW-M100S,69
SM-G900K,11
SM-N900K,21
SM-N915K,55
SPH-M8400,75
SGH-T929,77
5000T,161
ViviCam5355,11
KODAK Z700 ZOOM DIGITAL CAMER,27
HERO200,157
TITA100,29
PENTAX Optio S12,64
DMC-LS80,161
Canon EOS 100D,26
EX-Z850,639
V800,118
V-LUX 3,29
E4100,481
DSC-P43,102
Canon EOS D30,216
WX-T91,158
LG-P970h,16
SP310,84
EX-N20,245
QSS-31,35
XT1021,14
XT1032,52
SC-03D,30
SBM107SH,11
DC E720%x.%04xCop,24
SLT-A99V,238
DSC-S750,183
6220c-1,321
COOLPIX P5000,524
LT26w,125
C6833,101
CA9,519
GT-M8800,39
HTC_S710,14
COOLPIX S510,53
6720c,35
Canon IXY DIGITAL 50,18
EX-ZR200,170
EX-Z30,182
HTC Aria A6380,150
LG-P940,158
HD1010,38
X10mini,23
SBM303SH,91
E10i,177
LT25i,173
D903i,14
uTough-6020,205
PENTAX Optio X,203
DSC-TX300V,150
COOLPIX P7100,174
DMC-FP3,151
PENTAX Optio 33L,268
A1200,17
6MP-9Y8,17
TG-820,35
SM-N900,518
SM-N910U,300
DROID2 GLOBAL 1c080001ffd8000,30
TG-3,168
custom model,18
hp PhotoSmart 620,28
GT-C6625,29
"X400,D580Z,C460Z",185
HP PhotoSmart R607 (V01.00)+,116
WB700,559
FinePix S3300,14
GW520,12
FinePix S1800,228
EX-H20G,68
SGH-A737,31
KODAK EASYSHARE C143 Digital ,26
FinePix S1600,288
"u9000,S9000",11
EX-Z150,15
MI3,123
COOLPIX S570,185
FinePixS1Pro,50
SLT-A33,1547
hp PhotoSmart 43x series,161
E60,44
SAMSUNG SGH-D600,34
PENTAX OptioE20,153
FDI Service / UnKnown Model,39
PENTAX Optio W90,362
EX-Z85,174
DMC-ZR3,21
GT-I8190N,30
HTC 0PFH11,31
HTC Butterfly s,89
HTC_One_max,18
KODAK V610 DUAL LENS DIGITAL ,49
GT-I9001,216
HP PhotoSmart R717 (V01.00),108
Touch_Diamond,11
SGH-I717D,151
D5106,32
DMC-TS2,208
"NV100HD, VLUU NV100HD, LANDIA",15
COOLPIX L23,31
DMC-FS20,192
EX-100,30
EX-TR15,18
DMC-GM1,16
EK-GN120,236
DMC-LC20,264
DMC-FZ60,40
DMC-FX38,36
DMC-FX48,274
EX-Z5,21
7 Trophy,114
HTC Snap S521,42
MediaPad M1 8.0,11
Caplio G4,186
Canon IXY DIGITAL L4,44
GXR P10,84
SIGMA DP1,165
EX-S12,170
V3935 Digital Camera,12
Caplio G4 wide,67
DMC-TS3,224
Xoom,252
"FE300,X830",151
Digimax 401,64
U10i,125
DSC-S930,97
1.3 Megapixel,67
CX1,62
Canon DIGITAL IXUS 330,201
MD511Z3,19
PENTAX Optio M60,47
CaplioG3 modelM,131
DSC-HX60V,184
EX-F1,261
CX5,11
SGH-I337M,46
FinePix JX250,95
FinePix JX370,150
FinePix JX400,148
TG-850,150
A735,154
DC 120,20
KODAK Z812 IS ZOOM DIGITAL CA,45
MB525 73ac0022ffdc00000163af9,171
E-P5,118
E70,37
FinePix J100,16
KODAK Zi8 Pocket Video Camera,139
SCH-U820,150
SCH-U960,24
LT18i,15
COOLPIX S700,156
COOLPIX S70,34
DMC-FZ15,14
X-S1,522
Canon PowerShot G1,258
DiMAGE Z10,539
"C2,D230",104
Digimax 360,4093
DMC-ZS20,161
PHOTOfunSTUDIO 5.0 HD,24
S8300,50
EX-Z800,31
COOLPIX S7c,230
Canon PowerShot A450,21
iPhoneCZm,104
FinePix S8100fd,635
HP Photosmart E327,144
EX-Z9,44
DCR-HC90E,73
6136,26
"C180,D435",64
DMC-FH2,53
V8025,62
"KODAK EASYSHARE Sport Camera,",33
GW300,60
Motorola-XT502,150
FE240/X795,73
<Digimax V700 / Kenox V10 / D,461
HD2..`.0...N0.,15
HP PhotoSmart R727  (V01.00),87
"FE26,X21",34
CA100,161
HD2000,208
DCR-HC96E,151
"X500,D590Z,C470Z",20
DiMAGE 7Hi,325
DSC-RX1R,53
DSC-WX200,37
HP PhotoSmart C945 (V01.53),32
HP Photosmart E427,134
"u7010,S7010",51
DSC-TX9,43
FinePix SL300,35
DiMAGE E203,44
FinePix AV110,65
Canon PowerShot A420,385
Canon PowerShot S300,254
SGH-I727R,18
HTC Touch Cruise T4242,34
DSC-W360,106
PENTAX Optio 30,165
Caplio R2,51
KODAK DX4330 DIGITAL CAMERA,306
HTC_Dream,112
Finecam M410R,57
HP PhotoSmart R817  (V01.00),52
CG6,188
ViviCam 3105s,38
FinePix JV200,23
SP-820UZ,12
SP320,66
AGFA d-scan,11
HTC Sensation,107
YHDC5170../.jp,16
V903SH,88
DMC-FX55,238
COOLPIX L19,99
FinePix S2500HD,20
HP psc1310,16
GT-S5690,96
PENTAX Optio WG-2 GPS,155
Finecam SL400R,178
SC-D6550,31
Canon PowerShot A200,241
Finecam S5R,55
NIKON D1X,244
PDR-M4,151
DSLR-A390,67
DSC-HX200,65
KODAK EASYSHARE CX6230 ZOOM D,133
Canon PowerShot A1300,286
DMC-FX65,83
HDC-SD60,14
Canon HV10,22
FinePix J10,40
DMC-LC50,25
P7040,18
FinePix M603,53
EX-Z270,73
EX-ZS10,177
Xda_orbit_2,16
COOLPIX P510,797
DMC-FX150,134
V-LUX 20,372
V-LUX 40,153
SC-04E,407
HTC Velocity 4G,38
u-7050,127
GR-DX300,15
SGH-F480,12
HTC Wildfire S A510b,48
GT-I9305T,99
DSLR-A850,164
COOLPIX L820,176
COOLPIX S80,19
SM-G900FD,15
D6502,14
DSC-HX7V,363
SLT-A35,344
"NV20, VLUU NV20",40
PENTAX Optio 550,211
"u760,S760",39
FinePix F20,259
VOGU100,57
SPH-L720,265
FE250/X800,152
DSC-W230,553
PENTAX *ist D,43
Oggl,295
XT1034,150
COOLPIX L27,120
DSC-W85,118
KODAK EASYSHARE C713 ZOOM DIG,150
PENTAX Optio S40,46
KODAK EASYSHARE M580 DIGITAL ,15
FinePix S6000fd,120
DMC-LZ10,202
<KENOX S760  / Samsung S760>,216
DSC-HX400V,98
FC-S4,55
DMC-LX1,794
5730S-1,79
DMC-GF3,1037
SPCA536,18
Canon IXUS 300 HS,23
3MegaCam,19
Canon IXY DIGITAL 830 IS,109
Digital Q1,89
HTC_P3600,150
Konica Digital Camera KD-310Z,21
PG86100,30
COOLPIX S60,38
DSC-S80,71
LG-V909,150
SPH-A940,17
T-Mobile_LEO,152
T-Mobile_Rhodium,61
Canon MVX4i,99
COOLPIX P4,86
7050Y,50
ALCATEL ONE TOUCH 6040D,21
ALCATEL ONE TOUCH P320X,19
ONE TOUCH EVO8HD,21
6210 Navig,150
PENTAX Optio 33WR,67
MODEL_k70,13
EX-H30,34
Super Slim XS7,12
K600i,92
HD2,76
SM-N9006,30
C6602,384
X10,185
EX-Z370,178
E5100,39
FinePix4700 ZOOM,224
hp photosmart 733,150
HTC-A510a,150
SZ-31MR,306
EX-S2,31
HP Photosmart E317,161
HP Photosmart R960  (V01.00)+,14
"u750,S750",71
GT-I8000,152
T-Mobile Shadow,11
271,16
272,18
Canon IXY DIGITAL 55,32
Xda_diamond,60
QV-R51,164
X-E2,150
5MP Digital Camera,49
"SAMSUNG WB550, WB560 / VLUU W",891
DMC-FP1,95
DC E1050t,19
u15D,74
SP700,25
LG-P690,150
GT-P7510,205
DSC-S5000,24
Digimax A6,15
KODAK EASYSHARE M893 IS DIGIT,105
Xda_Stellar,12
COOLPIX S640,170
COOLPIX S51,734
DROID2 GLOBAL,58
FinePix F200EXR,356
E63,45
NIKON D3X,30
G-Shot G512,15
SL330,65
Digimax A50 / KENOX Q2,1997
DSC-T500,70
EX-ZR10,33
FinePix JZ300,45
SM-N910F,41
"FE46,X41,X42",163
SP600UZ,41
SAMSUNG-SGH-I747,326
FinePix F500EXR,171
FinePix F72EXR,15
<KENOX S860  / Samsung S860>,358
Liquid MT,12
"FE100,X710",64
DSC-S800,161
DSC-S980,158
DROID BIONIC,116
KODAK EASYSHARE M341 Digital ,13
PhotoPC 3100Z,91
DC C500,54
4MDSC,150
MX-1500,248
Finecam S5,53
"X300,D565Z,C450Z",246
K550i,551
NIKON D3300,46
HTC-8900,45
HDC-SD1,122
E-330,569
E-450,473
WB150 / WB150F / WB152 / WB15,108
Acer Liquid,52
my850V,65
SONY ERICSSON G900,122
SP-720UZ,164
DSC-W530,468
SHW-M250S,72
Digimax L60,46
SAMSUNG PL60 / VLUU PL60 / SA,19
C1904,20
N05C,16
E-PM2,178
Xda_Guide,60
DSC-W690,150
BlackBerry 8350i,16
ds6638,38
Digimax L70/Kenox X70,209
"VLUU L110, M110  / Samsung L1",1145
W995,96
COOLPIX S3200,68
Spca533,47
StylusTough-3000,82
StylusTough-6020,176
FinePix Z80,51
EX-ZR700,112
FinePix S4500,196
<Samsung D70 / D75 / S730 / S,459
SIGMA DP2,304
COOLPIX S6000,290
COOLPIX S6100,81
V600i,50
C460ZdelSol,152
HP PhotoSmart C850 (V07.27),13
Canon EOS 650D,24
X20,265
X-Pro1,368
COOLPIX L24,152
EK-GC110,151
AE22X,15
FinePix S2980,62
FinePix SL260,13
X-M1,76
HDR-XR500V,57
CX2,39
HTC-P4350,58
FinePix S4200,64
MOTORAZRV9,158
FinePix2600Zoom,170
"u830,S830",143
S 4200,86
XT1056,16
XT1060,53
306SH,19
W-ZERO3,89
KC910,347
MB525 0caa0002ffd80000016099c,23
KODAK EASYSHARE M873 ZOOM DIG,20
6234,67
"u7040,S7040",29
GT-S8530,152
FinePix HS20EXR,253
PENTAX Optio L20,46
Touch_Pro,109
LG-F320S,84
HDR-AS15,150
DiMAGE 5,150
GZ-HM445,29
HUAWEI U9508,130
Ideos,11
GT-I8150,150
SAMSUNG I8510,83
Blackberry BlackBerry 10 Dev ,75
SGH-E260,112
HUAWEI P7-L00,132
SC-02E,79
COOLPIX S2500,34
GT-P3100,105
J108i,15
HDR-HC9E,150
S88,187
LG-P940.,21
LG-E900,14
F-12C,30
DiMAGE E40,32
COOLPIX AW120,150
M865,32
HP PhotoSmart C850 (V05.42),39
COOLPIX L25,32
GT-S5660,129
SGH-F480i,20
NIKON D5200,27
PENTAX Optio A20,18
HMX-U10,11
PENTAX Optio 60,98
Digital Revio KD-100,31
COOLPIX P310,488
Canon PowerShot SX260 HS,11
EX-M1,1426
DMC-FS45,52
CONTAX U4R,34
KODAK LS633 ZOOM DIGITAL CAME,49
DMC-FH1,140
GT-S8000H,29
DCR-PC330E,65
HDR-CX520E,17
S500,12
Canon HG20,133
COOLPIX L320,146
HDR-SR1,183
GT-N5100,150
DSC-W630,17
DMC-G5,163
XT303,25
Canon IXY DIGITAL 1000,20
HDR-PJ760VE,35
C6802,771
C500,131
AL730,144
"SAMSUNG ES55,ES57 / VLUU ES55",126
SM-T310,36
Canon DIGITAL IXUS WIRELESS,160
DCR-SR90E,300
HTC Desire 600 dual sim,15
HTC Desire V,13
Sensation,12
5310 XpressMusic,23
GT-I9190,30
HP PhotoSmart C812 (V09.33),34
v1615,13
LEICA X VARIO (Typ 107),45
PENTAX Optio SVi,19
5320,150
626Z3,28
HDC-HS200,161
NIKON 1 V1,22
DMC-LC1,120
935SH,19
C-5000Z,127
PENTAX Optio LS1100,52
MAXXUM 7D,103
Lumia 525,150
EX-Z16,44
EVO,151
KODAK EASYSHARE CX7220 ZOOM D,13
S700i,129
DiMAGE F200,101
SV-AS10,1725
FinePix S5100,94
E700,61
C725UZ,18
Sidekick(R) 3,148
TM150,512
E-10,34
W550i,111
W600i,166
DCR-TRV22,17
DMC-FZ4,55
"C4100Z,C4000Z",256
3MP-9F6V,12
Digimax A403 / Kenox D403,2634
PENTAX *ist DS2,52
<Digimax S800 / Kenox S800>,564
J4,13
Digimax 420,2301
K310i,75
SONY ERICSSON P900,218
PENTAX Optio SV,27
SONY ERICSSON p910i,85
FinePix30i,58
"C830L,D340R",12
DiMAGE A1,37
hp 635 Digital Camera,11
D750i,165
DSC-W15,27
PENTAX Optio A10,35
"C860L,D360L",40
"FE110,X705",25
SQ,56
DC C530,15
Polaroid i532,14
Photosmart M415,28
DiMAGE X21,12
Digimax V4,18
DSC-F88,65
Canon DIGITAL IXUS IIs,15
FinePix A310,87
DiMAGE E223,14
"C920Z,D450Z",20
<Digimax S600 / Kenox S600 / ,2445
FinePix 3800,49
Canon PowerShot A10,202
FinePix E510,79
FinePix2800ZOOM,50
FinePixA101,28
QV-3000EX,802
"C100,D370",133
Caplio R4,187
Caplio GX,25
Digimax 430 / Kenox D430,216
"C960Z,D460Z",11
FE180/X745,56
C-1,14
FinePix F401,55
Digital Camera,20
"uD800,S800",12
FinePix E900,45
Canon PowerShot Pro90 IS,35
FinePix1300,85
C6,25
KODAK EASYSHARE DX3215 Zoom D,11
FinePix A405,15
"VLUU NV 7, NV 7",80
IR-500,218
DC C60,16
"<Digimax i5, Samsung #1>",249
FinePix2650,48
FinePix A205,137
W31S,33
C2500L,58
Canon HV20,73
DiMAGE Z5,82
5MP-9Q3,19
C3040Z,67
FinePix F450,20
COOLPIX L10,285
Digimax 202,28
FinePix40i,69
W21S,21
FinePix S5200,356
Z800,26
PV-GS120,33
MAXXUM 5D,108
FinePix S3Pro,60
DIGILUX 2,128
DiMAGE Z20,63
FinePix A500,103
FinePix A600,71
FinePix F420,12
DC C520,12
FinePix S20Pro,12
PENTAX Optio S55,52
EX-S20,19
S3,15
CLIE,12
SONY ERICSSON p910a,33
FinePix A610,65
EX-S3,26
"FE-120,X-700",13
"C55Z,C5500Z",24
DMC-LC70,14
DV3300,11
DCR-PC105E,15
Polaroid PDC3050,12
DSC-P12,15
FinePix Z5fd,45
DMC-LC5,345
FinePixA204,18
FinePix6900ZOOM,19
Digimax A40 / KENOX Q1,26
904SH,51
FinePix F610,49
ND-5020 Digital Camera,13
DMC-F7,13
"FE115,X715",42
FinePix A400,13
VQ2103,12
S710a,25
DiMAGE E500,53
FinePix A700,24
Finecam-L3v,37
GC-QX5,90
DiMAGE S304,13
COOLPIX S50,2257
FinePix S9000,23
Caplio GX8,69
L-500V,14
C21,11
Canon IXY DIGITAL 450,12
910SH,58
"FE170,X760",51
EX-P505,160
Canon PowerShot SD30,11
FinePix V10,29
DMC-LS1,33
PENTAX Optio 450,20
DSC-S500,95
FinePix F440,26
SO902i,88
Digimax 201,42
SO903iTV,13
Digimax V3,763
DMC-LC80,14
PDR-3300,20
FC-S3,16
"< Digimax U-CA 5, Kenox U-CA ",164
"FE160,X735",15
PENTAX Optio T30,12
FinePix F410,29
W44S,22
MX-2700,11
Canon PowerShot A100,19
CR8530,36
FinePix1400Zoom,18
C640,21
Sidekick3,40
W300i,75
"FE-130,X-720",294
Digimax 301,12
DMC-LZ6,43
E4800,74
K790a,508
FinePixA201,11
E-1,486
ViviCam 6300,211
"FE150,X730",11
"NV15, VLUU NV15",28
CONTAX i4R,299
K618i,27
Sidekick LX,105
DCR-PC100,18
FinePix A820,57
FinePix A800,57
N905i,15
"<Digimax i6 PMP, Samsung #11 ",393
FinePix A920,11
Digimax A55W / Kenox Q25 WIDE,1786
FinePix A607,146
<Digimax S700 / Kenox S700 / ,917
S2 Film Scanner,19
FinePix F47fd,47
FinePix S9100,49
CONTAX Tvs Digital,45
KU990,191
W200i,95
FinePix A510,50
<Digimax S830 / Kenox S830>,599
COOLPIX L15,21
Z1010,34
DMC-LS75,35
FinePix A805,27
K750c,110
EX-S1,48
PENTAX Optio E10,16
K320i,30
W53S,13
Digimax A503 / Kenox D503,3496
E53+,13
Digilux1,79
DMC-LS70,60
BlackBerry 8130,15
Caplio R5,65
HP Photosmart R740,11
Canon MV730i,11
LM10-X3,24
PENTAX Optio L40,35
<Digimax S1000 / Kenox S1000>,715
DMC-LS60,26
FE200,21
K530i,147
FinePix A360,25
"u725SW,S725SW",105
VLUU L83T/ Samsung L83T,28
MVC-CD500,14
ALPHA-7 DIGITAL,40
HP PhotoSmart R927  (V01.00)d,45
<VLUU L830  / Samsung L830>,11
DCR-TRV38,14
P905i,33
705SH,22
<Digimax V800 / Kenox V20 / D,367
KE990,25
W810c,21
PENTAX Optio T10,16
"<Samsung NV3, Samsung VLUU NV",1500
PENTAX Optio A40,55
Digimax V5 / Kenox V5,55
PENTAX Optio S30,17
CE6430,13
GC-QX3,915
"<Samsung i85, Samsung VLUU i8",266
digilux 4.3,22
Samsung S85,11
Digimax L85,25
Digimax A503 / Kenox D50,18
KF750,36
Digimax V6 / Kenox V6,47
BlackBerry 8100,33
COOLPIX S600,62
SO905iCS,417
DMC-L1,696
MAVICAmNIAJ4,12
R-D1s,156
<Digimax S1030 / Kenox S1030>,556
KODAK EASYSHARE V1273 DIGITAL,23
"FE330,X845,C550",18
KODAK EASYSHARE Z8612 IS Digi,100
FinePix F601,124
"FE310,X840,C530",35
Caplio R3,92
W660i,23
Touch Diamond P3700,13
ViviCam 6320,11
Sidekick 3,123
QV-2300UX,363
COOLPIX S52,139
FinePix F650,24
KODAK EASYSHARE M1093 IS DIGI,27
PENTAX Optio M10,27
"<Samsung L74, Samsung VLUU L7",227
1-126-293-00,16
C740i,11
C40,16
Canon DC10,43
SO903i,89
C-LUX 3,86
HP PhotoSmart R818  (V01.00),33
EX-Z300,110
S21HT,21
HTC-P4600,14
ViviCam 3765,711
GZ_HD3,21
KODAK EASYSHARE V1073 DIGITAL,118
7M CCD CAMERA,2424
i737,25
"<Samsung i8, Samsung VLUU i8>",452
"VLUU L100, M100  / Samsung L1",2328
Canon PowerShot A30,23
QV-2100,62
Sidekick LX 2009,11
QV-2900UX,375
KODAK EasyShare Z980 Digital ,23
E-30,260
KF-350,12
Canon IXY DIGITAL 200,31
i834,53
SAMSUNG WB1000 / VLUU WB1000 ,295
W380i,18
FinePix J20,50
KU990R,11
FinePix1500,29
DMC-FX36,193
HTC Touch Pro2 T7373,137
COOLPIX S620,31
EX-Z29,14
"FE3010,X895",17
HTC_Touch_Pro,14
KODAK EASYSHARE M380 DIGITAL ,40
EX-Z20,29
SAMSUNG ST550 / VLUU ST550 / ,43
T7380,880
SAMSUNG ST1000 / VLUU ST1000 ,150
u1000/S1000,63
VLUU L210  / Samsung L210,12
R9 - Digital Back DMR,143
KODAK EASYSHARE C190 DIGITAL ,15
Digimax 370 / Kenox D370,64
<Digimax L80 / Kenox X80>,61
HDR-XR520V,27
<Digimax V700 / Kenox V10>,27
"<Digimax i50 MP3, Samsung #1 ",37
PENTAX X70,155
KODAK EASYSHARE Z1485 IS DIGI,12
HTC-ST7377,30
Vivicam 8400,22
SAMSUNG ST10 / VLUU ST10 / SA,26
SAMSUNG ST1000 / SAMSUNG ST11,30
COOLPIX L20,285
FinePix S602,49
Finecam S3R,23
COOLPIX S225,14
SAMSUNG ES60 / VLUU ES60 / SA,22
QV-2400UX,22
DMC-FP8,15
EX-G1,128
COOLPIX S8000,2252
SAMSUNG ES15 / VLUU ES15 / SA,23
FinePix S200EXR,101
DMC-TZ65,12
GV-10,26
EX-Z35,95
SAMSUNG ST500 / SAMSUNG ST510,151
L-410,73
DSC-W370,17
Fujifilm A220 A230,23
NV-GS15,1453
DSC-W330,302
FinePix4500,37
"SAMSUNG ES70, ES71 / VLUU ES7",42
HDR-XR200VE,12
DSLR-A290,95
SGH-I897,65
HDR-SR11,36
SGH-T959,15
FinePix AX280,16
KODAK EasyShare Z981 Digital ,249
PDR-T10,128
"SAMSUNG ES65, ES67 / VLUU ES6",173
SPH-D700,152
X5,25
SAMSUNG WB650 / VLUU WB650 / ,11
GS290,14
SCH-I500,13
CONTAX N DIGITAL,40
KODAK EASYSHARE M550 Digital ,22
BlackBerry 9100,11
EX-S5,75
SIGMA DP1S,13
HD7,50
SIGMA SD14,111
DROID2 GLOBAL 020c0021ffd8000,13
"FE350WIDE,X865",22
DMC-FH22,12
PENTAX Optio RZ10,14
"SAMSUNG ES25, ES27 / VLUU ES2",18
iPad 2,122
KODAK EASYSHARE C183 Digital ,95
DMC-ZS6,21
DROIDX 5cc80001ffd80000016057,22
NX100,25
SAMSUNG PL100 / SAMSUNG TL205,16
T300,31
SAMSUNG ST550 / SAMSUNG ST560,37
E15i,11
HDC-1491E,13
DROID X2,28
FinePix AV100,15
SIGMA SD1,19
SCH-I510,299
"SAMSUNG PL120,PL121 / VLUU PL",20
SGH-T959V,20
LG-C310,85
PV 100,12
uTough-8010,11
COOLPIX S4100,15
NIKON D2Hs,237
PENTAX Optio V20,19
ME860,109
DMC-FZ48,69
PlayStation(R)Vita,636
DMC-FS35,44
COOLPIX S6200,49
LG-C305,91
GT-I5500B,36
PENTAX Optio Z10,50
X500,29
HTC Touch Diamond P3600,13
COOLPIX S8200,67
FinePix S3280,16
Nintendo 3DS,546
DROID2,15
SK17i,31
SGH-I917,35
LG-C100,86
LG-S365,15
FinePix XP20,37
p999bn,12
R-D1x,46
MT11a,11
SIGMA SD1 Merrill,27
LG-C300,71
GX-300,68
SAMSUNG WB850F/WB855F,20
COOLPIX S6300,16
IS12S,11
SIGMA DP2S,248
GT-I8160,212
DROID2 31fc0001fff80000015d67,38
GU-230,24
WT19i,16
GB-230,28
COOLPIX L810,392
NX210,51
ST66 / ST68,16
T375,180
DMC-FH4,13
MB886,93
SIGMA DP2 Merrill,371
SGH-I747M,43
SIGMA SD15,34
DROIDX 351c0001fff80000015d94,14
PENTAX Optio VS20,23
Hitachi HBC161E,57
LG-A250,39
EX-ZS150,36
GZ-HM300,51
A1455,14
HDR-CX160,47
VLUU L110  / Samsung L110,890
XT897,13
LG-A200,72
AtrixHD,23
LG-A230,18
HD2..X....}.,89
COOLPIX L26,58
SAMSUNG ES80/SAMSUNG ES81,13
MB612,49
ES90/ ES91,12
SPH-L900,86
DROID RAZR HD,174
DCR-SR85,22
DMC-ZS19,22
SGH-T989D,12
FinePix S4300,99
FinePix AX500,16
T385,44
XT907,44
GT-S5839i,21
iPad 2G,14
GT-S5830M,19
HTCONE,17
HDC-1296E,11
SAMSUNG WB100/ SAMSUNG WB101,12
FinePix F600EXR,73
WB2000,16
HDR-CX730E,11
ST200 / ST200F / ST201 / ST20,11
SGH-M919,86
EX2F,41
HTC 802d,32
Canon EOS 6D,31
DMC-S2,17
DMC-LZ20,17
Canon EOS REBEL T4i,19
SAMSUNG PL51 / VLUU PL51 / SA,19
Canon EOS M,19
DMC-FT5,15
HD3,72
X700,13
G700 SE,17
"VR330,D730",12
QMobile A8 camera,24
Unknown iPod,16
DMC-TS20,31
GC-X1,47
WB100/ WB101,25
Primo-X2,19
WB30F/WB31F/WB32F,21
Canon XA10,11
XZ-10,14
LT28i,16
SCH-I415,94
