ifd0_GPSOffset ,Count
, 1098318
@ 0x0000, 41
@ 0x0081, 5
@ 0x009A, 3
@ 0x00A0, 89
@ 0x00B2, 1
@ 0x00B8, 3
@ 0x00BA, 31
@ 0x00BB, 1
@ 0x00C4, 1
@ 0x00C6, 9
@ 0x00CC, 2
@ 0x00CD, 6
@ 0x00CF, 4
@ 0x00D0, 48
@ 0x00D1, 7
@ 0x00D2, 1
@ 0x00D3, 19
@ 0x00D4, 5
@ 0x00D7, 11
@ 0x00D8, 9
@ 0x00D9, 12
@ 0x00DA, 10
@ 0x00DB, 16
@ 0x00DC, 1
@ 0x00DD, 8
@ 0x00DE, 22
@ 0x00DF, 11
@ 0x00E0, 35
@ 0x00E1, 3
@ 0x00E2, 37
@ 0x00E3, 5
@ 0x00E4, 166
@ 0x00E5, 3
@ 0x00E6, 17
@ 0x00E8, 11
@ 0x00E9, 91
@ 0x00EA, 122
@ 0x00EB, 2
@ 0x00EC, 29
@ 0x00ED, 7
@ 0x00EE, 8
@ 0x00EF, 2
@ 0x00F0, 23
@ 0x00F2, 6
@ 0x00F4, 3
@ 0x00F6, 11
@ 0x00F7, 6
@ 0x00F8, 7
@ 0x00FA, 17
@ 0x00FC, 42
@ 0x00FE, 34
@ 0x0100, 69
@ 0x0102, 36
@ 0x0104, 26
@ 0x0106, 61
@ 0x0108, 28
@ 0x010A, 20
@ 0x010C, 49
@ 0x010E, 16
@ 0x0110, 24
@ 0x0112, 9
@ 0x0114, 17
@ 0x011C, 4
@ 0x011E, 1
@ 0x0120, 9
@ 0x0126, 69
@ 0x0128, 1
@ 0x012A, 4
@ 0x012C, 16
@ 0x012E, 21
@ 0x0130, 22
@ 0x0132, 225
@ 0x0134, 1
@ 0x0138, 5
@ 0x013A, 9
@ 0x013C, 4
@ 0x013D, 808
@ 0x013E, 43
@ 0x0142, 137
@ 0x0143, 1
@ 0x0144, 146
@ 0x0146, 1
@ 0x0148, 380
@ 0x014A, 36
@ 0x014C, 317
@ 0x014E, 289
@ 0x0150, 8
@ 0x0152, 100
@ 0x0154, 2
@ 0x0156, 10
@ 0x0158, 26
@ 0x015A, 762
@ 0x015C, 779
@ 0x015E, 243
@ 0x0160, 468
@ 0x0162, 422
@ 0x0163, 10
@ 0x0164, 638
@ 0x0166, 235
@ 0x0168, 143
@ 0x016A, 492
@ 0x016B, 1
@ 0x016C, 343
@ 0x016E, 75
@ 0x0170, 276
@ 0x0172, 636
@ 0x0174, 155
@ 0x0176, 167
@ 0x0178, 64
@ 0x017A, 214
@ 0x017B, 156
@ 0x017C, 69
@ 0x017E, 25
@ 0x017F, 44
@ 0x0180, 32
@ 0x0182, 10
@ 0x0183, 1
@ 0x0184, 48
@ 0x0185, 6
@ 0x0186, 908
@ 0x0188, 8
@ 0x018A, 10
@ 0x018B, 1
@ 0x018E, 125
@ 0x0190, 12
@ 0x0192, 162
@ 0x0193, 6
@ 0x0194, 2
@ 0x0196, 81
@ 0x0198, 27
@ 0x019A, 44
@ 0x019C, 54
@ 0x019E, 1081
@ 0x01A0, 27
@ 0x01A2, 469
@ 0x01A4, 299
@ 0x01A6, 64
@ 0x01A8, 7
@ 0x01AA, 30
@ 0x01AC, 25
@ 0x01B0, 29
@ 0x01B2, 25
@ 0x01B4, 40
@ 0x01B6, 186
@ 0x01B8, 88
@ 0x01BA, 183
@ 0x01BC, 25
@ 0x01BE, 136
@ 0x01C0, 9
@ 0x01C2, 81
@ 0x01C4, 152
@ 0x01C5, 3
@ 0x01C6, 19
@ 0x01C7, 1
@ 0x01C8, 86
@ 0x01C9, 2
@ 0x01CA, 914
@ 0x01CB, 3
@ 0x01CC, 14
@ 0x01CD, 11
@ 0x01CE, 1387
@ 0x01CF, 10
@ 0x01D0, 136
@ 0x01D1, 17
@ 0x01D2, 12
@ 0x01D3, 2
@ 0x01D4, 7
@ 0x01D5, 7
@ 0x01D6, 502
@ 0x01D8, 9
@ 0x01D9, 4
@ 0x01DA, 4
@ 0x01DB, 15
@ 0x01DC, 25
@ 0x01DD, 4
@ 0x01DE, 17
@ 0x01DF, 3
@ 0x01E0, 181
@ 0x01E1, 4
@ 0x01E2, 8
@ 0x01E3, 2
@ 0x01E4, 34
@ 0x01E5, 16
@ 0x01E6, 14
@ 0x01E7, 1
@ 0x01E8, 175
@ 0x01EA, 47
@ 0x01EB, 44
@ 0x01EC, 37
@ 0x01ED, 125
@ 0x01EE, 211
@ 0x01F0, 89
@ 0x01F2, 206
@ 0x01F4, 2
@ 0x01F5, 1
@ 0x01F6, 145
@ 0x01F8, 8
@ 0x01FA, 6
@ 0x01FC, 15
@ 0x01FE, 160
@ 0x0200, 85
@ 0x0202, 154
@ 0x0204, 48
@ 0x0206, 8
@ 0x0208, 144
@ 0x020A, 16
@ 0x020C, 23
@ 0x020E, 623
@ 0x0210, 63
@ 0x0212, 105
@ 0x0214, 88
@ 0x0215, 3
@ 0x0216, 166
@ 0x0218, 41
@ 0x021A, 223
@ 0x021C, 77
@ 0x021E, 95
@ 0x021F, 514
@ 0x0220, 1256
@ 0x0222, 56
@ 0x0224, 699
@ 0x0226, 23
@ 0x0228, 63
@ 0x022A, 2192
@ 0x022C, 133
@ 0x022E, 92
@ 0x022F, 161
@ 0x0230, 95
@ 0x0232, 170
@ 0x0233, 2
@ 0x0234, 32
@ 0x0236, 159
@ 0x0238, 1228
@ 0x0239, 1
@ 0x023A, 920
@ 0x023B, 81
@ 0x023C, 94
@ 0x023E, 4528
@ 0x023F, 23
@ 0x0240, 2041
@ 0x0242, 188
@ 0x0243, 4
@ 0x0244, 628
@ 0x0246, 743
@ 0x0247, 1
@ 0x0248, 145
@ 0x024A, 1756
@ 0x024C, 4533
@ 0x024D, 1
@ 0x024E, 1018
@ 0x0250, 64
@ 0x0251, 2
@ 0x0252, 15196
@ 0x0254, 1720
@ 0x0256, 203
@ 0x0258, 1449
@ 0x025A, 840
@ 0x025C, 36
@ 0x025E, 4732
@ 0x0260, 346
@ 0x0262, 591
@ 0x0264, 38
@ 0x0266, 1373
@ 0x0267, 104
@ 0x0268, 174
@ 0x026A, 139
@ 0x026C, 171
@ 0x026E, 178
@ 0x026F, 3
@ 0x0270, 81
@ 0x0272, 1037
@ 0x0274, 654
@ 0x0276, 231
@ 0x0278, 53
@ 0x0279, 4
@ 0x027A, 349
@ 0x027C, 120
@ 0x027E, 31
@ 0x027F, 25
@ 0x0280, 37
@ 0x0282, 50
@ 0x0283, 7
@ 0x0284, 35
@ 0x0285, 1
@ 0x0286, 64
@ 0x0288, 19
@ 0x028A, 85
@ 0x028C, 125
@ 0x028E, 86
@ 0x0290, 44
@ 0x0292, 15
@ 0x0293, 1
@ 0x0294, 88
@ 0x0296, 32
@ 0x0298, 16
@ 0x029A, 18
@ 0x029C, 9
@ 0x029E, 2
@ 0x02A0, 128
@ 0x02A2, 1787
@ 0x02A4, 1
@ 0x02A8, 1
@ 0x02A9, 8
@ 0x02AA, 3
@ 0x02AC, 106
@ 0x02B0, 5
@ 0x02B2, 25
@ 0x02B4, 26
@ 0x02B6, 1
@ 0x02B8, 2
@ 0x02BA, 13
@ 0x02BC, 26
@ 0x02C0, 271
@ 0x02C2, 4
@ 0x02C6, 147
@ 0x02CA, 38
@ 0x02D0, 216
@ 0x02D2, 42
@ 0x02D4, 7
@ 0x02D6, 2
@ 0x02D8, 19
@ 0x02DA, 12
@ 0x02DC, 17
@ 0x02DE, 663
@ 0x02E0, 5
@ 0x02E4, 11
@ 0x02E6, 2299
@ 0x02E8, 1
@ 0x02EA, 177
@ 0x02EC, 361
@ 0x02EE, 7
@ 0x02F0, 1
@ 0x02F2, 2
@ 0x02F4, 1
@ 0x02F6, 1
@ 0x02F8, 6
@ 0x02FA, 35
@ 0x02FC, 18
@ 0x02FE, 6
@ 0x0306, 154
@ 0x030A, 1
@ 0x030C, 2
@ 0x0310, 84
@ 0x0314, 1
@ 0x0316, 18
@ 0x0318, 14
@ 0x0320, 14
@ 0x0326, 32
@ 0x0328, 6
@ 0x032A, 118
@ 0x032D, 13
@ 0x032E, 3
@ 0x0334, 1
@ 0x0338, 297
@ 0x033C, 1
@ 0x033E, 287
@ 0x0340, 8
@ 0x0342, 8
@ 0x0344, 6
@ 0x0346, 3
@ 0x0348, 8
@ 0x034A, 59
@ 0x034C, 29
@ 0x034E, 65
@ 0x0350, 76
@ 0x0352, 3
@ 0x0354, 7
@ 0x0356, 5
@ 0x0358, 12
@ 0x035A, 14
@ 0x035C, 3
@ 0x035D, 1
@ 0x035E, 95
@ 0x0360, 2
@ 0x0364, 9
@ 0x0366, 2
@ 0x036C, 3
@ 0x036E, 4
@ 0x036F, 10
@ 0x0370, 1
@ 0x0372, 64
@ 0x0374, 50
@ 0x0375, 1
@ 0x0378, 18
@ 0x037A, 66
@ 0x037C, 6
@ 0x037F, 3
@ 0x0384, 3
@ 0x0385, 5
@ 0x0386, 2
@ 0x0389, 1
@ 0x038A, 32
@ 0x038C, 201
@ 0x038E, 23
@ 0x0390, 2
@ 0x0392, 118
@ 0x0394, 12
@ 0x0396, 1718
@ 0x0398, 39
@ 0x039A, 4
@ 0x039C, 100
@ 0x039E, 1207
@ 0x03A0, 281
@ 0x03A2, 111
@ 0x03A4, 7
@ 0x03A6, 179
@ 0x03A8, 223
@ 0x03AA, 240
@ 0x03AC, 1018
@ 0x03AE, 3331
@ 0x03B0, 129
@ 0x03B1, 4
@ 0x03B2, 3988
@ 0x03B4, 1871
@ 0x03B5, 6
@ 0x03B6, 313
@ 0x03B8, 244
@ 0x03BA, 169
@ 0x03BC, 36
@ 0x03BE, 69
@ 0x03C0, 142
@ 0x03C2, 16
@ 0x03C4, 59
@ 0x03C6, 374
@ 0x03C7, 31
@ 0x03C8, 280
@ 0x03CA, 152
@ 0x03CC, 46
@ 0x03CE, 557
@ 0x03D0, 8
@ 0x03D2, 241
@ 0x03D4, 330
@ 0x03D6, 8
@ 0x03D8, 19
@ 0x03D9, 32
@ 0x03DA, 4
@ 0x03DC, 75
@ 0x03DE, 47
@ 0x03E0, 7
@ 0x03E2, 66
@ 0x03E4, 134
@ 0x03E6, 237
@ 0x03EA, 2619
@ 0x03EC, 420
@ 0x03EE, 1
@ 0x03F0, 171
@ 0x03F1, 15
@ 0x03F2, 7
@ 0x03F4, 93
@ 0x03F6, 19
@ 0x03F8, 40
@ 0x03FA, 65
@ 0x03FC, 16
@ 0x03FE, 108
@ 0x0400, 36
@ 0x0402, 65
@ 0x0404, 32
@ 0x0406, 8
@ 0x0408, 20
@ 0x040A, 116
@ 0x040C, 44
@ 0x040E, 4
@ 0x0412, 223
@ 0x0413, 21
@ 0x0414, 1
@ 0x0416, 1
@ 0x0418, 278
@ 0x041A, 1
@ 0x041C, 10
@ 0x041E, 848
@ 0x0420, 11
@ 0x0422, 45
@ 0x0426, 27
@ 0x0427, 1
@ 0x042C, 4
@ 0x0430, 21
@ 0x0432, 74
@ 0x0436, 33
@ 0x0438, 4
@ 0x043D, 124
@ 0x043E, 1
@ 0x0444, 2
@ 0x044A, 1
@ 0x0464, 9
@ 0x0469, 2
@ 0x048A, 6
@ 0x049E, 208
@ 0x049F, 148
@ 0x04A6, 35
@ 0x04BE, 32
@ 0x04D0, 1
@ 0x04D4, 60
@ 0x04DA, 79
@ 0x04E0, 121
@ 0x04E2, 110
@ 0x04E3, 88
@ 0x04FE, 10
@ 0x0500, 6
@ 0x051E, 1
@ 0x052A, 2
@ 0x052C, 3
@ 0x0530, 1865
@ 0x0536, 237
@ 0x053E, 9
@ 0x0546, 1
@ 0x0585, 44
@ 0x0592, 1
@ 0x0593, 1
@ 0x0597, 1
@ 0x0599, 76
@ 0x059A, 129
@ 0x059C, 3
@ 0x059E, 1
@ 0x05A8, 5
@ 0x05A9, 1
@ 0x05AB, 2
@ 0x05AF, 125
@ 0x05B0, 33
@ 0x05B1, 1
@ 0x05B6, 1452
@ 0x05BA, 2
@ 0x05BC, 5
@ 0x05C0, 2
@ 0x05C2, 67
@ 0x05C3, 2
@ 0x05C4, 52
@ 0x05C6, 1
@ 0x05C8, 3
@ 0x05CB, 1
@ 0x05CE, 11
@ 0x05CF, 1
@ 0x05D0, 1
@ 0x05D2, 1
@ 0x05D8, 1
@ 0x05DA, 107
@ 0x05DC, 26
@ 0x05E0, 7
@ 0x05E2, 206
@ 0x05E4, 1
@ 0x05E5, 1
@ 0x05E6, 120
@ 0x05E8, 179
@ 0x05EC, 254
@ 0x05EE, 1273
@ 0x05F0, 11
@ 0x05F2, 215
@ 0x05F4, 92
@ 0x05F5, 1
@ 0x05F6, 31
@ 0x05F7, 1
@ 0x05F8, 1
@ 0x05FA, 1271
@ 0x05FC, 11
@ 0x05FD, 1
@ 0x05FE, 76
@ 0x0600, 8
@ 0x0601, 1
@ 0x0602, 140
@ 0x0605, 1
@ 0x0606, 119
@ 0x0608, 3
@ 0x0609, 1
@ 0x060A, 2
@ 0x060B, 1
@ 0x060C, 58
@ 0x060D, 1
@ 0x060E, 68
@ 0x060F, 1
@ 0x0610, 3
@ 0x0611, 6
@ 0x0612, 4
@ 0x0614, 3
@ 0x0615, 2
@ 0x0616, 5
@ 0x0617, 8
@ 0x0618, 1
@ 0x061A, 19
@ 0x061C, 2
@ 0x061E, 6
@ 0x0620, 89
@ 0x0622, 5
@ 0x0624, 28
@ 0x0625, 1
@ 0x0626, 14
@ 0x0628, 1
@ 0x062A, 308
@ 0x062C, 274
@ 0x062F, 1
@ 0x0630, 613
@ 0x0632, 647
@ 0x0633, 1
@ 0x0634, 7
@ 0x0636, 407
@ 0x0637, 1
@ 0x0638, 318
@ 0x063C, 998
@ 0x063E, 746
@ 0x0640, 30
@ 0x0641, 63
@ 0x0642, 86
@ 0x0643, 2
@ 0x0644, 150
@ 0x0646, 95
@ 0x0648, 116
@ 0x0649, 1
@ 0x064A, 295
@ 0x064C, 36
@ 0x064E, 8
@ 0x0650, 126
@ 0x0652, 61
@ 0x0656, 6
@ 0x0658, 4
@ 0x0659, 1
@ 0x065C, 26
@ 0x065E, 33
@ 0x0660, 1
@ 0x0662, 18
@ 0x0664, 3
@ 0x0666, 5
@ 0x0668, 1
@ 0x066B, 3
@ 0x066C, 2
@ 0x066E, 1
@ 0x066F, 1
@ 0x0670, 3
@ 0x0671, 1
@ 0x0672, 14
@ 0x0674, 100
@ 0x0675, 1
@ 0x0676, 1
@ 0x0677, 1
@ 0x067A, 497
@ 0x067B, 1
@ 0x067E, 2
@ 0x067F, 1
@ 0x0680, 84
@ 0x0681, 1
@ 0x0686, 807
@ 0x0687, 2
@ 0x0688, 7
@ 0x068A, 1
@ 0x068C, 34
@ 0x068E, 46
@ 0x0692, 149
@ 0x0694, 1
@ 0x0698, 14
@ 0x069A, 35
@ 0x06A0, 49
@ 0x06A6, 19
@ 0x06AA, 1
@ 0x06AC, 3
@ 0x06B8, 1
@ 0x06C9, 1
@ 0x06D4, 1
@ 0x06FA, 2
@ 0x0704, 3
@ 0x0709, 6
@ 0x0716, 18
@ 0x0724, 1
@ 0x0731, 1
@ 0x073C, 1
@ 0x0743, 234
@ 0x074F, 34
@ 0x0752, 3
@ 0x0762, 2
@ 0x076E, 3
@ 0x0780, 1
@ 0x0786, 7
@ 0x0792, 1
@ 0x0794, 67
@ 0x079E, 112
@ 0x07A2, 241
@ 0x07A6, 5
@ 0x07A8, 107
@ 0x07AA, 95
@ 0x07AC, 186
@ 0x07AE, 105
@ 0x07B4, 1
@ 0x07B6, 1
@ 0x07BC, 1
@ 0x07BE, 3
@ 0x07CA, 35
@ 0x07D6, 4
@ 0x07DA, 3
@ 0x07E6, 10
@ 0x07EC, 2
@ 0x07EE, 3
@ 0x07F2, 1
@ 0x07F4, 2
@ 0x07F6, 20
@ 0x07FA, 17
@ 0x07FE, 14
@ 0x0806, 1
@ 0x0808, 1
@ 0x080E, 13
@ 0x0810, 16
@ 0x081A, 377
@ 0x0820, 2
@ 0x0822, 192
@ 0x0824, 146
@ 0x0825, 3
@ 0x082C, 87
@ 0x0830, 1
@ 0x0832, 40
@ 0x0834, 1
@ 0x0838, 2
@ 0x0842, 39
@ 0x0848, 10
@ 0x0852, 9
@ 0x0854, 128
@ 0x0858, 1
@ 0x0862, 47
@ 0x0866, 2
@ 0x0872, 10
@ 0x087A, 1
@ 0x087E, 79
@ 0x0882, 1
@ 0x0884, 1
@ 0x088A, 1
@ 0x0890, 13
@ 0x0892, 1
@ 0x089C, 1
@ 0x08A6, 56
@ 0x08A8, 5
@ 0x08AA, 1
@ 0x08AC, 2
@ 0x08AE, 12
@ 0x08B2, 11
@ 0x08B4, 1
@ 0x08B6, 1
@ 0x08B8, 1
@ 0x08BA, 2
@ 0x08C0, 1
@ 0x08C2, 1
@ 0x08C6, 1
@ 0x08CC, 6
@ 0x08D8, 2
@ 0x08DA, 36
@ 0x08DC, 2
@ 0x08E0, 3
@ 0x08E4, 5
@ 0x08E6, 19
@ 0x08E8, 1
@ 0x08EA, 4
@ 0x08EC, 1
@ 0x08EE, 4
@ 0x08F0, 3
@ 0x08F2, 3
@ 0x08F4, 5
@ 0x08F6, 3
@ 0x08F8, 2
@ 0x08FA, 2
@ 0x08FC, 3
@ 0x08FE, 136
@ 0x0900, 4
@ 0x0902, 7
@ 0x0904, 3
@ 0x0906, 4
@ 0x0908, 6
@ 0x090A, 45
@ 0x090C, 8
@ 0x090E, 4
@ 0x0910, 5
@ 0x0912, 89
@ 0x0914, 5
@ 0x0916, 42
@ 0x0918, 2
@ 0x091A, 12
@ 0x091C, 5
@ 0x091E, 1
@ 0x0920, 3
@ 0x0922, 4
@ 0x0924, 6
@ 0x0926, 6
@ 0x0928, 2
@ 0x092A, 4
@ 0x092C, 6
@ 0x092E, 7
@ 0x0930, 3
@ 0x0932, 7
@ 0x0934, 7
@ 0x0936, 6
@ 0x0938, 8
@ 0x093A, 7
@ 0x093C, 7
@ 0x093E, 7
@ 0x0940, 4
@ 0x0942, 3
@ 0x0944, 9
@ 0x0946, 4
@ 0x0948, 9
@ 0x094A, 3
@ 0x094C, 6
@ 0x094E, 5
@ 0x0950, 5
@ 0x0952, 3
@ 0x0954, 3
@ 0x0958, 12
@ 0x095C, 3
@ 0x095E, 3
@ 0x0960, 2
@ 0x0962, 5
@ 0x0964, 2
@ 0x0966, 5
@ 0x0968, 6
@ 0x096A, 3
@ 0x096B, 2
@ 0x096C, 3
@ 0x096E, 3
@ 0x0970, 1
@ 0x0972, 2
@ 0x0974, 5
@ 0x0976, 5
@ 0x0978, 3
@ 0x097A, 1
@ 0x097C, 2
@ 0x097E, 3
@ 0x0980, 563
@ 0x0982, 3
@ 0x0984, 3
@ 0x0986, 3
@ 0x0988, 55
@ 0x098A, 2
@ 0x098C, 13
@ 0x098E, 5
@ 0x0990, 103
@ 0x0994, 2
@ 0x0996, 2
@ 0x0998, 1
@ 0x099A, 8
@ 0x099C, 1
@ 0x099E, 2
@ 0x09A0, 1
@ 0x09A2, 1
@ 0x09AC, 1
@ 0x09B0, 69
@ 0x09B2, 1
@ 0x09B4, 9
@ 0x09B6, 2
@ 0x09BC, 2
@ 0x09BE, 6
@ 0x09C0, 1
@ 0x09C6, 1
@ 0x09CA, 1
@ 0x09CC, 33
@ 0x09CE, 5
@ 0x09D8, 516
@ 0x09DE, 3
@ 0x09E4, 1
@ 0x09E6, 43
@ 0x09EE, 9
@ 0x09F0, 1
@ 0x09F4, 5
@ 0x09F8, 18
@ 0x09FA, 49
@ 0x09FC, 1
@ 0x09FE, 8
@ 0x0A10, 2
@ 0x0A14, 3
@ 0x0A1A, 20
@ 0x0A24, 3
@ 0x0A2A, 12
@ 0x0A2C, 9
@ 0x0A2E, 6
@ 0x0A30, 1
@ 0x0A32, 2
@ 0x0A38, 16
@ 0x0A3C, 7
@ 0x0A4A, 2
@ 0x0A4C, 273
@ 0x0A54, 1
@ 0x0A58, 1
@ 0x0A5A, 25
@ 0x0A6B, 1
@ 0x0A7E, 1
@ 0x0A82, 16
@ 0x0A84, 3
@ 0x0A86, 2
@ 0x0A8A, 10
@ 0x0A8C, 9
@ 0x0A94, 4
@ 0x0AA6, 106
@ 0x0AAA, 42
@ 0x0AAE, 11
@ 0x0AB8, 32
@ 0x0AE0, 110
@ 0x0AE2, 85
@ 0x0AE4, 16
@ 0x0AEC, 2
@ 0x0AF0, 10
@ 0x0AFC, 1
@ 0x0B07, 100
@ 0x0B0A, 8
@ 0x0B0C, 1
@ 0x0B0E, 148
@ 0x0B14, 3
@ 0x0B16, 233
@ 0x0B20, 1
@ 0x0B28, 2
@ 0x0B2A, 1
@ 0x0B2C, 2
@ 0x0B2F, 4
@ 0x0B30, 21
@ 0x0B34, 2
@ 0x0B3C, 150
@ 0x0B3E, 2
@ 0x0B50, 9
@ 0x0B64, 2
@ 0x0B6B, 413
@ 0x0B70, 14
@ 0x0B72, 3
@ 0x0B78, 1
@ 0x0B7A, 60
@ 0x0B84, 4
@ 0x0B86, 3
@ 0x0B8A, 16
@ 0x0B94, 21
@ 0x0B96, 40
@ 0x0B97, 370
@ 0x0B98, 81
@ 0x0B9E, 1
@ 0x0BA0, 777
@ 0x0BA1, 4
@ 0x0BA3, 2
@ 0x0BA4, 6
@ 0x0BA6, 6
@ 0x0BA8, 1
@ 0x0BB2, 912
@ 0x0BB6, 4
@ 0x0BBA, 31
@ 0x0BBC, 1
@ 0x0BBE, 1
@ 0x0BC6, 24
@ 0x0BC8, 2
@ 0x0BD2, 1
@ 0x0BD6, 42
@ 0x0BE6, 1
@ 0x0BF0, 1
@ 0x0BF4, 2
@ 0x0BF6, 7
@ 0x0BFC, 2
@ 0x0C02, 6
@ 0x0C06, 2
@ 0x0C20, 13
@ 0x0C24, 1
@ 0x0C29, 2
@ 0x0C2C, 382
@ 0x0C2E, 55
@ 0x0C34, 27
@ 0x0C3C, 2
@ 0x0C3E, 22
@ 0x0C40, 5
@ 0x0C4A, 4
@ 0x0C50, 48
@ 0x0C54, 34
@ 0x0C64, 10
@ 0x0C74, 1
@ 0x0C98, 39
@ 0x0C9C, 1
@ 0x0CA7, 1
@ 0x0CB0, 4
@ 0x0CC8, 1
@ 0x0CD0, 29
@ 0x0CD4, 21
@ 0x0CDA, 17
@ 0x0CDD, 1
@ 0x0CDE, 158
@ 0x0CE4, 1
@ 0x0CE6, 1
@ 0x0CEE, 128
@ 0x0CF8, 1
@ 0x0CFA, 7
@ 0x0D00, 1
@ 0x0D02, 16
@ 0x0D06, 1
@ 0x0D0B, 1
@ 0x0D0E, 11
@ 0x0D10, 153
@ 0x0D1C, 3
@ 0x0D20, 2
@ 0x0D2E, 3
@ 0x0D30, 1
@ 0x0D32, 62
@ 0x0D34, 2
@ 0x0D3C, 128
@ 0x0D3D, 1
@ 0x0D3E, 24
@ 0x0D41, 1
@ 0x0D44, 3
@ 0x0D60, 1
@ 0x0D68, 1
@ 0x0D6A, 9
@ 0x0D76, 51
@ 0x0D78, 55
@ 0x0D80, 1
@ 0x0D82, 359
@ 0x0D84, 3
@ 0x0D86, 1
@ 0x0D94, 1
@ 0x0DB0, 1
@ 0x0DB4, 4
@ 0x0DBE, 1
@ 0x0DC0, 1
@ 0x0DC2, 1
@ 0x0DD4, 21
@ 0x0DDC, 1
@ 0x0DE2, 8
@ 0x0DFC, 5
@ 0x0E00, 1
@ 0x0E1B, 1
@ 0x0E20, 16
@ 0x0E26, 1
@ 0x0E2E, 1
@ 0x0E30, 34
@ 0x0E32, 33
@ 0x0E36, 4
@ 0x0E4C, 1
@ 0x0E58, 2
@ 0x0E5E, 6
@ 0x0E60, 1
@ 0x0E6A, 7
@ 0x0E82, 1
@ 0x0E8C, 93
@ 0x0E8E, 13
@ 0x0E98, 20
@ 0x0EA0, 1
@ 0x0EB0, 1
@ 0x0EC8, 4
@ 0x0ECE, 3
@ 0x0EE8, 1
@ 0x0EEE, 2
@ 0x0F1A, 8
@ 0x0F44, 3
@ 0x0F46, 1
@ 0x0F48, 2
@ 0x0F4A, 1
@ 0x0F4C, 1
@ 0x0F50, 1
@ 0x0F52, 1
@ 0x0F5E, 10
@ 0x0F66, 1
@ 0x0F68, 1
@ 0x0F72, 1
@ 0x0F82, 1
@ 0x0F84, 1
@ 0x0F88, 1
@ 0x0F8A, 1
@ 0x0F90, 3
@ 0x0F92, 7
@ 0x0FB0, 1
@ 0x0FB2, 1
@ 0x0FB3, 1
@ 0x0FBE, 2
@ 0x0FC2, 2
@ 0x0FD2, 1
@ 0x0FD4, 26
@ 0x0FD8, 1
@ 0x0FDA, 1
@ 0x0FDC, 1
@ 0x0FE4, 4
@ 0x0FE8, 1
@ 0x0FF8, 1
@ 0x1000, 1
@ 0x1002, 1
@ 0x1004, 1
@ 0x100E, 1
@ 0x1010, 9
@ 0x1016, 1
@ 0x101A, 1
@ 0x1022, 4
@ 0x1024, 1
@ 0x1028, 8
@ 0x102C, 1
@ 0x1030, 1
@ 0x1034, 3
@ 0x1036, 1
@ 0x103A, 1
@ 0x103C, 1
@ 0x1040, 1
@ 0x104C, 3
@ 0x104E, 3
@ 0x1050, 1
@ 0x1054, 1
@ 0x1062, 2
@ 0x1064, 1
@ 0x1066, 1
@ 0x1068, 1
@ 0x106A, 1
@ 0x106C, 1
@ 0x1076, 2
@ 0x107A, 1
@ 0x107F, 2
@ 0x1080, 1
@ 0x1082, 1
@ 0x1088, 1
@ 0x108A, 3
@ 0x108C, 1
@ 0x1094, 2
@ 0x1098, 2
@ 0x109E, 1
@ 0x10A6, 1
@ 0x10A8, 4
@ 0x10AA, 1
@ 0x10B2, 1
@ 0x10B4, 2
@ 0x10BA, 1
@ 0x10BC, 1
@ 0x10CA, 1
@ 0x10CB, 2
@ 0x10DC, 1
@ 0x10DE, 2
@ 0x10E4, 6
@ 0x10E8, 2
@ 0x10EE, 1
@ 0x10F0, 1
@ 0x10FC, 1
@ 0x1100, 68
@ 0x1108, 1
@ 0x110A, 1
@ 0x110C, 1
@ 0x1128, 2
@ 0x112A, 1
@ 0x1134, 1
@ 0x113E, 64
@ 0x114C, 1
@ 0x114E, 1
@ 0x1150, 1
@ 0x115E, 1
@ 0x117A, 1
@ 0x118E, 4
@ 0x119A, 6
@ 0x11AA, 4
@ 0x11AC, 1
@ 0x11BA, 86
@ 0x11D6, 351
@ 0x11DC, 15
@ 0x11E6, 201
@ 0x11EA, 28
@ 0x11F0, 7
@ 0x11F6, 234
@ 0x1214, 5
@ 0x1218, 322
@ 0x1220, 517
@ 0x1224, 1
@ 0x1226, 35
@ 0x1228, 78
@ 0x122C, 4
@ 0x1230, 187
@ 0x1232, 1
@ 0x1234, 1888
@ 0x123A, 440
@ 0x123C, 2
@ 0x1244, 88
@ 0x1245, 11
@ 0x1248, 180
@ 0x1264, 22
@ 0x1268, 52
@ 0x126A, 169
@ 0x1272, 2
@ 0x1274, 54
@ 0x127E, 2
@ 0x1284, 1
@ 0x1288, 1
@ 0x12A4, 259
@ 0x12AE, 4
@ 0x12B0, 75
@ 0x12B8, 18
@ 0x12C4, 3
@ 0x12D2, 1
@ 0x12D4, 5
@ 0x12E0, 56
@ 0x12E8, 210
@ 0x12EA, 2
@ 0x12F4, 1
@ 0x12FF, 47
@ 0x1312, 55
@ 0x131A, 19
@ 0x131E, 1
@ 0x1320, 1
@ 0x1322, 683
@ 0x1324, 2
@ 0x1328, 25
@ 0x132A, 77
@ 0x132C, 2
@ 0x1334, 153
@ 0x133A, 371
@ 0x133C, 1
@ 0x133E, 6
@ 0x1340, 569
@ 0x1342, 62
@ 0x1344, 8
@ 0x1348, 5
@ 0x134A, 185
@ 0x134E, 763
@ 0x1352, 4
@ 0x1356, 91
@ 0x1361, 1
@ 0x1366, 1
@ 0x1370, 2
@ 0x1372, 43
@ 0x1377, 32
@ 0x1378, 82
@ 0x137A, 581
@ 0x1380, 8
@ 0x1382, 1
@ 0x1384, 1
@ 0x1388, 1
@ 0x1392, 1
@ 0x1396, 50
@ 0x1397, 127
@ 0x139A, 5
@ 0x139C, 152
@ 0x139E, 1
@ 0x13A8, 150
@ 0x13AE, 1
@ 0x13BA, 31
@ 0x13C4, 1
@ 0x13C6, 1
@ 0x13D2, 4
@ 0x13FC, 1
@ 0x1420, 1
@ 0x1428, 3
@ 0x143E, 1
@ 0x144D, 1
@ 0x145E, 2
@ 0x1510, 1
@ 0x151C, 1
@ 0x1520, 2
@ 0x1538, 1
@ 0x153A, 1
@ 0x1540, 1
@ 0x154A, 1
@ 0x154C, 1
@ 0x154E, 1
@ 0x1552, 1
@ 0x1568, 24
@ 0x156E, 1
@ 0x157A, 2
@ 0x157E, 1
@ 0x1586, 1
@ 0x158A, 1
@ 0x159E, 1
@ 0x15A6, 1
@ 0x15B4, 1
@ 0x15E6, 75
@ 0x15E8, 37
@ 0x1638, 14
@ 0x163C, 1
@ 0x164A, 2
@ 0x1654, 12
@ 0x1666, 2
@ 0x168E, 150
@ 0x16AA, 41
@ 0x16AC, 1
@ 0x16B0, 38
@ 0x16B7, 8
@ 0x16E8, 3
@ 0x1710, 1
@ 0x172E, 18
@ 0x175C, 2
@ 0x18B8, 1
@ 0x1942, 1
@ 0x1949, 1
@ 0x1953, 1
@ 0x1958, 1
@ 0x195C, 1
@ 0x197A, 1
@ 0x19A6, 1
@ 0x19D0, 1
@ 0x19D2, 1
@ 0x19F4, 51
@ 0x1A18, 148
@ 0x1A26, 28
@ 0x1AD6, 1
@ 0x1B1A, 1
@ 0x1B26, 2
@ 0x1B42, 1
@ 0x1B62, 25
@ 0x1BCA, 1
@ 0x1BD4, 1
@ 0x1C36, 1
@ 0x1C80, 1
@ 0x1C90, 1
@ 0x1CBC, 1
@ 0x1CC8, 1
@ 0x1D16, 7
@ 0x1D1A, 1
@ 0x1D1B4, 1
@ 0x1D28, 11
@ 0x1D2C, 1
@ 0x1D4F, 1
@ 0x1DFA, 23
@ 0x1E30, 1
@ 0x1E38, 1
@ 0x1E42, 40
@ 0x1E44, 122
@ 0x1E4A, 2
@ 0x1E58, 1
@ 0x1E80, 1
@ 0x1EB5, 1
@ 0x1EF2, 4
@ 0x1F24, 1
@ 0x1F2C, 1
@ 0x1F2E, 2
@ 0x1F32, 5
@ 0x1F34, 24
@ 0x1F36, 5
@ 0x1F3C, 10
@ 0x1F56, 14
@ 0x1F78, 12
@ 0x1F84, 248
@ 0x1F86, 1
@ 0x1FA6, 19
@ 0x1FAC, 27
@ 0x1FBA, 3
@ 0x1FC0, 123
@ 0x1FD6, 1
@ 0x1FE0, 5
@ 0x1FF0, 14
@ 0x1FF4, 1
@ 0x2000, 1
@ 0x2008, 83
@ 0x2014, 152
@ 0x2018, 1
@ 0x2024, 102
@ 0x2026, 123
@ 0x2028, 94
@ 0x2030, 3
@ 0x2034, 6
@ 0x203B, 2
@ 0x203C, 15
@ 0x203E, 5
@ 0x2040, 3
@ 0x2044, 6
@ 0x2050, 2
@ 0x2066, 11
@ 0x2068, 32
@ 0x206C, 19
@ 0x2080, 1
@ 0x208A, 1
@ 0x20B4, 85
@ 0x20B6, 1
@ 0x20CC, 17
@ 0x20CE, 7
@ 0x20CF, 1
@ 0x20DE, 3
@ 0x20E2, 117
@ 0x20E6, 231
@ 0x20EA, 13303
@ 0x20EC, 1
@ 0x2100, 104
@ 0x2108, 3
@ 0x210C, 29
@ 0x2114, 20
@ 0x2120, 32
@ 0x2122, 2
@ 0x212C, 1
@ 0x2134, 7
@ 0x2138, 1
@ 0x2142, 28
@ 0x2146, 13
@ 0x2148, 1
@ 0x215A, 6
@ 0x2162, 13
@ 0x2166, 2
@ 0x2174, 1
@ 0x2176, 42
@ 0x2177, 1
@ 0x217A, 662
@ 0x2190, 1
@ 0x2196, 234
@ 0x21A2, 2
@ 0x21A4, 3
@ 0x21AE, 1
@ 0x21B0, 3
@ 0x21B2, 63
@ 0x21BA, 2
@ 0x21BE, 1
@ 0x21C4, 1
@ 0x21C8, 3282
@ 0x21CA, 1
@ 0x21D2, 11
@ 0x21D4, 1109
@ 0x21D8, 90
@ 0x21DE, 4142
@ 0x21E0, 5748
@ 0x21E4, 20
@ 0x21EC, 1
@ 0x21ED, 1
@ 0x21EE, 87
@ 0x21F0, 2
@ 0x21F1, 8
@ 0x21F2, 2
@ 0x21F4, 2
@ 0x21F5, 3
@ 0x21F6, 2
@ 0x21F7, 2
@ 0x21F8, 3
@ 0x21FA, 970
@ 0x21FB, 2
@ 0x21FC, 1
@ 0x21FD, 1
@ 0x21FF, 1
@ 0x2200, 1
@ 0x2201, 1
@ 0x2202, 1
@ 0x2204, 1
@ 0x2206, 1
@ 0x2208, 1
@ 0x2209, 2
@ 0x220A, 1
@ 0x220C, 1
@ 0x2217, 1
@ 0x221C, 1
@ 0x2224, 195
@ 0x2226, 26
@ 0x222A, 1
@ 0x222E, 1
@ 0x224A, 7
@ 0x2258, 762
@ 0x225E, 2
@ 0x2264, 30
@ 0x226E, 167
@ 0x2270, 1319
@ 0x2280, 1
@ 0x228A, 122
@ 0x2290, 4
@ 0x22A4, 1
@ 0x22C2, 22
@ 0x22CB, 1
@ 0x22CC, 4
@ 0x22D6, 2
@ 0x22F8, 1
@ 0x22FE, 12
@ 0x2300, 3
@ 0x2306, 11
@ 0x231E, 12
@ 0x2320, 1
@ 0x2328, 1
@ 0x232A, 3
@ 0x2330, 1
@ 0x233C, 59
@ 0x2346, 1
@ 0x234A, 5
@ 0x234C, 80
@ 0x234E, 6
@ 0x2352, 1
@ 0x235F, 20
@ 0x238A, 7814
@ 0x2393, 1
@ 0x2394, 1
@ 0x2395, 3
@ 0x239A, 7
@ 0x239E, 2
@ 0x23AE, 34
@ 0x23B0, 1
@ 0x23C0, 3
@ 0x23C8, 2
@ 0x23CA, 9
@ 0x23E2, 15
@ 0x23E4, 3
@ 0x23EA, 42
@ 0x23F0, 2
@ 0x23F4, 1
@ 0x23FC, 4
@ 0x23FE, 14
@ 0x2414, 5
@ 0x241A, 193
@ 0x2426, 16
@ 0x242A, 1
@ 0x2440, 8
@ 0x244C, 1
@ 0x2454, 7
@ 0x246A, 1
@ 0x2476, 7
@ 0x2480, 1
@ 0x24A1, 1
@ 0x24DE, 4
@ 0x24E6, 22
@ 0x24FA, 38
@ 0x2502, 10
@ 0x2520, 3
@ 0x2524, 2
@ 0x2530, 84
@ 0x2548, 3
@ 0x254C, 69
@ 0x2550, 32
@ 0x257C, 40
@ 0x2582, 160
@ 0x2586, 44
@ 0x260E, 1
@ 0x2646, 64
@ 0x264E, 36
@ 0x2657, 1
@ 0x266A, 60
@ 0x266C, 354
@ 0x266E, 8
@ 0x2672, 1
@ 0x2674, 133
@ 0x2676, 236
@ 0x2678, 9
@ 0x267C, 289
@ 0x2682, 1
@ 0x2699, 1
@ 0x269E, 2
@ 0x26A8, 216
@ 0x26EA, 1
@ 0x2738, 230
@ 0x275B, 6
@ 0x275E, 1
@ 0x2760, 1
@ 0x277E, 1
@ 0x27AE, 1
@ 0x27CA, 3
@ 0x27CC, 4
@ 0x27EE, 1
@ 0x2806, 4
@ 0x2808, 1
@ 0x281E, 1
@ 0x2826, 1
@ 0x282E, 1
@ 0x2834, 1
@ 0x283E, 1
@ 0x2848, 1
@ 0x284E, 1
@ 0x2852, 2
@ 0x285E, 1
@ 0x287E, 1
@ 0x2880, 1
@ 0x288E, 1
@ 0x2892, 153
@ 0x289E, 1
@ 0x28AE, 1
@ 0x28CC, 1
@ 0x28CE, 1
@ 0x28D2, 6
@ 0x28D4, 255
@ 0x28FE, 1
@ 0x291E, 3
@ 0x2928, 1
@ 0x293E, 1
@ 0x294A, 1
@ 0x294E, 1
@ 0x2978, 5
@ 0x297E, 1
@ 0x2998, 1
@ 0x29D8, 227
@ 0x29DE, 1
@ 0x29E8, 6
@ 0x29EE, 10
@ 0x29F6, 1
@ 0x29F8, 1
@ 0x29FA, 2983
@ 0x29FC, 28
@ 0x29FE, 164
@ 0x2A04, 1
@ 0x2A24, 59
@ 0x2A36, 2
@ 0x2A38, 2
@ 0x2A3A, 12
@ 0x2A3C, 3
@ 0x2A3E, 1
@ 0x2A40, 1
@ 0x2A46, 158
@ 0x2A4A, 3
@ 0x2A72, 5
@ 0x2A74, 1
@ 0x2A76, 8
@ 0x2A78, 13
@ 0x2A7A, 4
@ 0x2A7C, 6
@ 0x2A7E, 6
@ 0x2A80, 1
@ 0x2A8C, 88
@ 0x2AAE, 2
@ 0x2AB0, 2
@ 0x2AB2, 3
@ 0x2AB4, 14
@ 0x2AB6, 4
@ 0x2AB8, 11
@ 0x2ABA, 7
@ 0x2ABC, 2
@ 0x2AE5, 1
@ 0x2AEC, 20
@ 0x2AEE, 3
@ 0x2AF0, 5
@ 0x2AF2, 6
@ 0x2AF4, 3
@ 0x2AF6, 5
@ 0x2AF8, 19
@ 0x2B08, 1
@ 0x2B0E, 1
@ 0x2B2C, 1
@ 0x2B2E, 2
@ 0x2B30, 2
@ 0x2B32, 4
@ 0x2B34, 5
@ 0x2B36, 3
@ 0x2B38, 1
@ 0x2B6A, 1
@ 0x2B6C, 1
@ 0x2B6E, 2
@ 0x2B70, 3
@ 0x2B72, 1
@ 0x2BA6, 1
@ 0x2BA8, 1
@ 0x2BAA, 1
@ 0x2BAC, 3
@ 0x2BB0, 1
@ 0x2BDE, 12
@ 0x2BEA, 2
@ 0x2BF0, 346
@ 0x2BF2, 2
@ 0x2BF4, 3494
@ 0x2BFA, 36
@ 0x2C06, 137
@ 0x2C22, 1
@ 0x2C34, 1
@ 0x2C5E, 2
@ 0x2C60, 1
@ 0x2C68, 1
@ 0x2C7E, 1
@ 0x2C80, 1
@ 0x2C8A, 5
@ 0x2CA0, 1
@ 0x2CC8, 1
@ 0x2CD8, 1
@ 0x2CDA, 2
@ 0x2CDC, 1
@ 0x2CE0, 1
@ 0x2CE6, 1
@ 0x2CEA, 1
@ 0x2CEC, 1
@ 0x2CEE, 2
@ 0x2CF8, 3
@ 0x2CFC, 1
@ 0x2CFE, 1
@ 0x2D0A, 1
@ 0x2D0C, 1
@ 0x2D0E, 1
@ 0x2D10, 1
@ 0x2D16, 1
@ 0x2D18, 1
@ 0x2D1C, 1
@ 0x2D1E, 2
@ 0x2D22, 3
@ 0x2D26, 1
@ 0x2D28, 3
@ 0x2D30, 1
@ 0x2D34, 1
@ 0x2D38, 2
@ 0x2D42, 2
@ 0x2D44, 1
@ 0x2D48, 1
@ 0x2D4A, 1
@ 0x2D4C, 2
@ 0x2D4E, 1
@ 0x2D52, 1
@ 0x2D54, 1
@ 0x2D56, 1
@ 0x2D5A, 1
@ 0x2D5C, 1
@ 0x2D5E, 2
@ 0x2D60, 1
@ 0x2D6F, 1
@ 0x2D70, 1
@ 0x2D72, 3
@ 0x2D76, 1
@ 0x2D78, 2
@ 0x2D7A, 2
@ 0x2D80, 1
@ 0x2D82, 1
@ 0x2D84, 1
@ 0x2D86, 1
@ 0x2D8E, 4
@ 0x2D90, 12
@ 0x2D92, 1
@ 0x2D94, 1
@ 0x2D96, 1
@ 0x2D98, 2
@ 0x2D9A, 1
@ 0x2DA4, 1
@ 0x2DA6, 1
@ 0x2DA8, 1
@ 0x2DAC, 1
@ 0x2DB0, 2
@ 0x2DB2, 1
@ 0x2DB4, 1
@ 0x2DB6, 2
@ 0x2DC2, 3
@ 0x2DD0, 2
@ 0x2DD4, 1
@ 0x2DD8, 1
@ 0x2DE0, 2
@ 0x2DE8, 2
@ 0x2DEE, 1
@ 0x2DF0, 2
@ 0x2DF4, 1
@ 0x2E00, 1
@ 0x2E04, 1
@ 0x2E0C, 1
@ 0x2E0E, 1
@ 0x2E11, 1
@ 0x2E18, 1
@ 0x2E1C, 1
@ 0x2E28, 2
@ 0x2E2E, 1
@ 0x2E32, 1
@ 0x2E34, 2
@ 0x2E36, 3
@ 0x2E3C, 1
@ 0x2E48, 1
@ 0x2E4A, 1
@ 0x2E4E, 1
@ 0x2E50, 1
@ 0x2E52, 2
@ 0x2E58, 1
@ 0x2E5C, 1
@ 0x2E5E, 14
@ 0x2E64, 1
@ 0x2E6E, 2
@ 0x2E70, 1
@ 0x2E76, 1
@ 0x2E7C, 2
@ 0x2E7E, 1
@ 0x2E84, 2
@ 0x2E8C, 1
@ 0x2E8E, 1
@ 0x2E90, 1
@ 0x2E94, 2
@ 0x2E96, 1
@ 0x2E9E, 1
@ 0x2EA0, 2
@ 0x2EA2, 1
@ 0x2EA4, 2
@ 0x2EA6, 4
@ 0x2EAA, 1143
@ 0x2EAC, 3
@ 0x2EB0, 1
@ 0x2EB2, 2
@ 0x2EB4, 1
@ 0x2EB6, 2
@ 0x2EB8, 1
@ 0x2EC0, 2
@ 0x2EC4, 1
@ 0x2EC6, 2
@ 0x2EC8, 1
@ 0x2ECA, 1
@ 0x2ECC, 2
@ 0x2ECE, 2
@ 0x2ED2, 1
@ 0x2ED4, 2
@ 0x2ED6, 1
@ 0x2EDE, 2
@ 0x2EE2, 2
@ 0x2EE4, 435
@ 0x2EE6, 2
@ 0x2EE8, 2
@ 0x2EEC, 1
@ 0x2EF4, 1
@ 0x2EF6, 1
@ 0x2EFA, 1
@ 0x2EFE, 3
@ 0x2F00, 2
@ 0x2F02, 1
@ 0x2F08, 1
@ 0x2F0E, 1
@ 0x2F10, 3
@ 0x2F20, 1
@ 0x2F24, 1
@ 0x2F26, 3
@ 0x2F2E, 107
@ 0x2F32, 1
@ 0x2F36, 784
@ 0x2F3E, 3
@ 0x2F40, 1
@ 0x2F46, 2
@ 0x2F4C, 1
@ 0x2F50, 1
@ 0x2F52, 1
@ 0x2F5E, 14
@ 0x2F64, 273
@ 0x2F6A, 1
@ 0x2F74, 1
@ 0x2F7A, 3
@ 0x2F7C, 4
@ 0x2F86, 1
@ 0x2F8C, 1
@ 0x2F90, 1
@ 0x2F92, 2
@ 0x2F9E, 1
@ 0x2FA6, 1
@ 0x2FA8, 3
@ 0x2FAA, 1
@ 0x2FB0, 1
@ 0x2FB6, 2
@ 0x2FBA, 1
@ 0x2FBE, 2
@ 0x2FC0, 2
@ 0x2FC2, 2
@ 0x2FC4, 1
@ 0x2FCA, 1
@ 0x2FCE, 1
@ 0x2FD0, 1
@ 0x2FD2, 1
@ 0x2FD8, 1
@ 0x2FDE, 1
@ 0x2FEA, 1
@ 0x2FEE, 2
@ 0x2FF2, 1
@ 0x2FFA, 1
@ 0x3002, 1
@ 0x3008, 1
@ 0x3018, 1
@ 0x301A, 1
@ 0x3026, 2
@ 0x302E, 1
@ 0x3030, 1
@ 0x3034, 1
@ 0x303C, 154
@ 0x304E, 1
@ 0x3050, 1
@ 0x305E, 1
@ 0x3062, 2
@ 0x3064, 3
@ 0x306A, 1
@ 0x306C, 1
@ 0x3070, 2
@ 0x3074, 1
@ 0x307E, 1
@ 0x3080, 2
@ 0x3088, 1
@ 0x308C, 1
@ 0x3094, 1
@ 0x30A0, 1
@ 0x30A2, 1
@ 0x30A4, 1
@ 0x30AC, 1
@ 0x30AE, 1
@ 0x30B6, 1
@ 0x30C0, 1
@ 0x30C8, 1
@ 0x30D0, 1
@ 0x30D6, 2
@ 0x30DA, 2
@ 0x30E2, 1
@ 0x30E6, 1
@ 0x30EA, 1
@ 0x30F4, 1
@ 0x30FE, 1
@ 0x3104, 1
@ 0x3108, 1
@ 0x3110, 1
@ 0x3112, 1
@ 0x3114, 1
@ 0x3115, 1
@ 0x3116, 1
@ 0x3130, 1
@ 0x3146, 1
@ 0x3150, 1
@ 0x3152, 1
@ 0x315C, 4
@ 0x3164, 1
@ 0x316C, 4
@ 0x3178, 1
@ 0x317A, 3
@ 0x317C, 180
@ 0x318A, 4
@ 0x3196, 6
@ 0x3198, 1
@ 0x31A2, 1
@ 0x31AE, 1
@ 0x31B8, 1
@ 0x31C8, 2
@ 0x31D8, 1
@ 0x31DA, 1
@ 0x31DC, 1
@ 0x31EA, 3
@ 0x31F6, 1
@ 0x31F8, 1
@ 0x3200, 25
@ 0x3222, 1
@ 0x3226, 1
@ 0x324A, 5
@ 0x326E, 2
@ 0x3298, 1
@ 0x32A6, 2
@ 0x32A8, 1
@ 0x32B0, 8
@ 0x32B2, 1
@ 0x32BE, 12
@ 0x32C4, 1
@ 0x32D2, 1
@ 0x32DE, 4
@ 0x32FE, 1
@ 0x3302, 1337
@ 0x3306, 16
@ 0x3330, 15
@ 0x3342, 1
@ 0x33B2, 319
@ 0x33BA, 1
@ 0x33BE, 8
@ 0x33C5, 1
@ 0x33C6, 3982
@ 0x33CC, 1
@ 0x33D2, 6
@ 0x33D6, 1
@ 0x33E0, 150
@ 0x3402, 79
@ 0x341C, 39
@ 0x3468, 1
@ 0x347C, 4
@ 0x3494, 1
@ 0x34D2, 6
@ 0x3535, 1
@ 0x3538, 2
@ 0x353C, 7
@ 0x35A2, 2
@ 0x35E8, 1
@ 0x35EA, 4
@ 0x35F0, 11
@ 0x35F4, 2
@ 0x3616, 15
@ 0x37FA, 1
@ 0x3896, 36
@ 0x3902, 1
@ 0x398D, 1
@ 0x39B2, 1
@ 0x39E2, 1
@ 0x3A1E, 1
@ 0x3A47, 1
@ 0x3B87, 1
@ 0x3BA9, 1
@ 0x3BC6, 46
@ 0x3C14, 1
@ 0x3C34, 1
@ 0x3CAB, 1
@ 0x3CC0, 1
@ 0x3CDC, 1
@ 0x3E5E, 1
@ 0x3EB7, 1
@ 0x404A, 1
@ 0x4092, 1
@ 0x40E8, 5
@ 0x4106, 6
@ 0x4112, 976
@ 0x4114, 123
@ 0x411C, 3
@ 0x41A0, 1
@ 0x41C4, 1
@ 0x41D4, 1
@ 0x41D8, 1
@ 0x421C, 1
@ 0x4254, 1
@ 0x4258, 1
@ 0x42BC, 2
@ 0x42D8, 1
@ 0x42DC, 1
@ 0x42EC, 1
@ 0x42F0, 1
@ 0x4300, 2
@ 0x432E, 1
@ 0x4340, 1
@ 0x4380, 1
@ 0x43D0, 1
@ 0x43D3, 1
@ 0x43D4, 1
@ 0x43D8, 1
@ 0x4454, 2
@ 0x4488, 1
@ 0x4491, 1
@ 0x4494, 1
@ 0x4499, 1
@ 0x44A1, 1
@ 0x44A5, 1
@ 0x44F4, 1
@ 0x4518, 1
@ 0x4548, 1
@ 0x4567, 1
@ 0x4588, 1
@ 0x4590, 2
@ 0x4594, 1
@ 0x4598, 2
@ 0x459C, 1
@ 0x45A0, 1
@ 0x45A4, 1
@ 0x45A8, 3
@ 0x45B8, 1
@ 0x45BC, 1
@ 0x45C3, 1
@ 0x45CC, 1
@ 0x45D8, 2
@ 0x45E8, 1
@ 0x45EC, 1
@ 0x45F8, 1
@ 0x4604, 1
@ 0x4610, 1
@ 0x461C, 1
@ 0x4638, 1
@ 0x4654, 1
@ 0x4674, 1
@ 0x4677, 1
@ 0x4680, 1
@ 0x46A0, 1
@ 0x46BC, 1
@ 0x46C5, 1
@ 0x46E0, 1
@ 0x4700, 1
@ 0x470C, 1
@ 0x4724, 2
@ 0x4728, 1
@ 0x473C, 1
@ 0x475C, 1
@ 0x4764, 1
@ 0x476B, 1
@ 0x4784, 1
@ 0x47A0, 1
@ 0x47AC, 1
@ 0x47BC, 1
@ 0x47E0, 1
@ 0x47F8, 1
@ 0x4830, 1
@ 0x4834, 1
@ 0x4858, 1
@ 0x4860, 1
@ 0x489C, 1
@ 0x48A8, 1
@ 0x48E8, 1
@ 0x4918, 1
@ 0x493C, 1
@ 0x495C, 1
@ 0x4980, 1
@ 0x499A, 35
@ 0x49AC, 12
@ 0x49E4, 1
@ 0x4A10, 1
@ 0x4A14, 1
@ 0x4A58, 1
@ 0x4A6C, 1
@ 0x4A70, 1
@ 0x4A7C, 1
@ 0x4B68, 1
@ 0x4B8C, 242
@ 0x4B9E, 1
@ 0x4BC8, 1
@ 0x4BE0, 1
@ 0x4C10, 1
@ 0x4C38, 1
@ 0x4C60, 1
@ 0x4CC8, 1
@ 0x4CDC, 1
@ 0x4D25, 1
@ 0x4D34, 1
@ 0x4D90, 1
@ 0x4D95, 1
@ 0x4D99, 1
@ 0x4E3C, 22
@ 0x4E5C, 2
@ 0x4E76, 1
@ 0x4E7D, 5
@ 0x4EAC, 1
@ 0x4EE4, 1
@ 0x4EEA, 1
@ 0x4EF7, 1
@ 0x4EFB, 1
@ 0x4F22, 1
@ 0x4F54, 1
@ 0x4F85, 1
@ 0x4F8C, 1
@ 0x4F98, 1
@ 0x4FD0, 1
@ 0x4FFA, 1
@ 0x500C, 1
@ 0x502C, 1
@ 0x50CC, 1
@ 0x50EA, 1
@ 0x5100, 1
@ 0x5118, 1
@ 0x5134, 1
@ 0x514C, 1
@ 0x5175, 1
@ 0x517C, 1
@ 0x518C, 1
@ 0x5196, 1
@ 0x51CA, 1
@ 0x51DC, 1
@ 0x51E8, 7
@ 0x5218, 17
@ 0x5224, 4
@ 0x5262, 1
@ 0x5266, 1
@ 0x52C3, 1
@ 0x52D2, 1
@ 0x52F4, 1
@ 0x5332, 84
@ 0x5340, 1
@ 0x5344, 34
@ 0x5348, 1
@ 0x5350, 1
@ 0x53B0, 1
@ 0x53C0, 1
@ 0x53C8, 1
@ 0x53E8, 1
@ 0x53F8, 1
@ 0x5420, 1
@ 0x5454, 1
@ 0x5464, 1
@ 0x548C, 1
@ 0x54D0, 1
@ 0x54DC, 1
@ 0x54EE, 1
@ 0x5508, 1
@ 0x551B, 1
@ 0x5552, 301
@ 0x5568, 1
@ 0x556C, 1
@ 0x5576, 1
@ 0x557C, 1
@ 0x5594, 1
@ 0x5598, 1
@ 0x55D8, 1
@ 0x55DC, 1
@ 0x55F8, 1
@ 0x5607, 1
@ 0x5618, 1
@ 0x562A, 1
@ 0x5734, 1
@ 0x5768, 1
@ 0x577C, 1
@ 0x5780, 1
@ 0x5794, 1
@ 0x57F6, 1
@ 0x57FC, 1
@ 0x5818, 1
@ 0x583C, 1
@ 0x5872, 1
@ 0x58EC, 1
@ 0x58FD, 1
@ 0x591C, 1
@ 0x5948, 1
@ 0x594C, 1
@ 0x599C, 3
@ 0x59AC, 1
@ 0x59E8, 1
@ 0x59F4, 1
@ 0x5A18, 1
@ 0x5A54, 1
@ 0x5A58, 1
@ 0x5AA0, 1
@ 0x5AEC, 1
@ 0x5B0C, 1
@ 0x5B60, 1
@ 0x5B66, 1
@ 0x5B70, 1
@ 0x5B78, 1
@ 0x5B88, 1
@ 0x5B8C, 1
@ 0x5B9C, 1
@ 0x5B9E, 1
@ 0x5BA0, 1
@ 0x5BCC, 1
@ 0x5BD8, 1
@ 0x5BF8, 1
@ 0x5BFC, 1
@ 0x5C0E, 1
@ 0x5C20, 1
@ 0x5C24, 1
@ 0x5C30, 1
@ 0x5C40, 1
@ 0x5C60, 2
@ 0x5C68, 1
@ 0x5C80, 1
@ 0x5CB4, 1
@ 0x5CB8, 1
@ 0x5CE4, 1
@ 0x5CE8, 1
@ 0x5D40, 1
@ 0x5D50, 1
@ 0x5DB4, 1
@ 0x5DD0, 1
@ 0x5DEC, 1
@ 0x5DF0, 1
@ 0x5DF4, 2
@ 0x5E04, 1
@ 0x5E28, 1
@ 0x5E50, 1
@ 0x5E78, 1
@ 0x5EDA, 8
@ 0x5F06, 389
@ 0x5F34, 2
@ 0x5F38, 3
@ 0x5F44, 1
@ 0x5F48, 1
@ 0x5F50, 2
@ 0x5F54, 1
@ 0x5F58, 1
@ 0x5F5C, 1
@ 0x5F74, 1
@ 0x5F78, 2
@ 0x5F7C, 1
@ 0x5F84, 1
@ 0x5F88, 1
@ 0x5F90, 1
@ 0x5F98, 3
@ 0x5FA2, 1
@ 0x5FA8, 4
@ 0x5FB0, 1
@ 0x5FB4, 2
@ 0x5FB8, 1
@ 0x5FC0, 1
@ 0x5FC4, 3
@ 0x5FC8, 2
@ 0x5FCC, 3
@ 0x5FD0, 2
@ 0x5FD4, 4
@ 0x5FD8, 3
@ 0x5FDC, 5
@ 0x5FE0, 4
@ 0x5FE4, 3
@ 0x5FE8, 1
@ 0x5FEC, 2
@ 0x5FEE, 2
@ 0x5FF0, 3
@ 0x5FF4, 1
@ 0x5FFC, 1
@ 0x6000, 3
@ 0x6008, 2
@ 0x600A, 6
@ 0x600C, 5
@ 0x6010, 1
@ 0x6014, 5
@ 0x6018, 1
@ 0x601C, 2
@ 0x6020, 2
@ 0x6028, 1
@ 0x602C, 2
@ 0x6030, 2
@ 0x6034, 3
@ 0x6038, 2
@ 0x603A, 2
@ 0x603C, 14
@ 0x603E, 2
@ 0x6040, 2
@ 0x6044, 1
@ 0x6048, 6
@ 0x604C, 2
@ 0x6054, 3
@ 0x6058, 1
@ 0x6060, 2
@ 0x6064, 2
@ 0x6068, 4
@ 0x606A, 6
@ 0x606C, 7
@ 0x6070, 3
@ 0x6074, 3
@ 0x6076, 150
@ 0x6078, 3
@ 0x607C, 1
@ 0x6084, 2
@ 0x6088, 1
@ 0x608C, 2
@ 0x6094, 4
@ 0x609C, 2
@ 0x609E, 1
@ 0x60A0, 6
@ 0x60A4, 1
@ 0x60A6, 1
@ 0x60A8, 1
@ 0x60AC, 9
@ 0x60B4, 4
@ 0x60B6, 1
@ 0x60B8, 2
@ 0x60BA, 1
@ 0x60BC, 3
@ 0x60C0, 1
@ 0x60C2, 1
@ 0x60C4, 1
@ 0x60C7, 1
@ 0x60C8, 4
@ 0x60CC, 4
@ 0x60D0, 4
@ 0x60D4, 2
@ 0x60D8, 3
@ 0x60DA, 1
@ 0x60E0, 4
@ 0x60E4, 2
@ 0x60E8, 3
@ 0x60EC, 1
@ 0x60F0, 5
@ 0x60F4, 2
@ 0x60F8, 2
@ 0x60FC, 3
@ 0x6104, 6
@ 0x6108, 2
@ 0x610A, 1
@ 0x610C, 2
@ 0x6110, 1
@ 0x6114, 1
@ 0x611C, 1
@ 0x6120, 2
@ 0x6124, 3
@ 0x6128, 1
@ 0x612C, 5
@ 0x6130, 2
@ 0x6134, 3
@ 0x6138, 5
@ 0x613C, 3
@ 0x6140, 2
@ 0x6144, 3
@ 0x6148, 1
@ 0x614C, 2
@ 0x6150, 3
@ 0x6154, 4
@ 0x6158, 2
@ 0x615C, 2
@ 0x6160, 1
@ 0x6164, 4
@ 0x6166, 1
@ 0x6168, 2
@ 0x616C, 1
@ 0x6170, 3
@ 0x6174, 4
@ 0x6178, 2
@ 0x617C, 2
@ 0x6180, 4
@ 0x6188, 3
@ 0x618C, 3
@ 0x6190, 1
@ 0x6194, 1
@ 0x6198, 3
@ 0x61A0, 4
@ 0x61A4, 5
@ 0x61A8, 2
@ 0x61AC, 2
@ 0x61B0, 1
@ 0x61B4, 1
@ 0x61B8, 4
@ 0x61BC, 3
@ 0x61C0, 6
@ 0x61C4, 2
@ 0x61C6, 1
@ 0x61C8, 3
@ 0x61CA, 3
@ 0x61CC, 7
@ 0x61D0, 1
@ 0x61D4, 4
@ 0x61D8, 3
@ 0x61DC, 1
@ 0x61E0, 2
@ 0x61E4, 3
@ 0x61E8, 2
@ 0x61EC, 6
@ 0x61F0, 3
@ 0x61F4, 2
@ 0x61F8, 4
@ 0x61FC, 2
@ 0x6200, 2
@ 0x6204, 2
@ 0x6208, 3
@ 0x620C, 509
@ 0x6210, 162
@ 0x6218, 4
@ 0x621C, 1
@ 0x6220, 2
@ 0x6224, 3
@ 0x6228, 2
@ 0x622C, 3
@ 0x6230, 2
@ 0x6234, 2
@ 0x6238, 2
@ 0x623C, 365
@ 0x6240, 115
@ 0x6244, 2
@ 0x6248, 2
@ 0x624C, 5
@ 0x6250, 4
@ 0x6254, 2
@ 0x6258, 3
@ 0x625C, 1
@ 0x6260, 3
@ 0x6266, 1
@ 0x6268, 2
@ 0x626C, 1
@ 0x6270, 3
@ 0x6274, 2
@ 0x6276, 1
@ 0x6278, 2
@ 0x6280, 1
@ 0x6284, 1
@ 0x6288, 1
@ 0x628C, 3
@ 0x628E, 1
@ 0x6290, 3
@ 0x6294, 4
@ 0x6298, 2
@ 0x629A, 1
@ 0x629C, 2
@ 0x629E, 1
@ 0x62A0, 6
@ 0x62A8, 3
@ 0x62AC, 4
@ 0x62AE, 1
@ 0x62B0, 2
@ 0x62B4, 2
@ 0x62B8, 1
@ 0x62BC, 2
@ 0x62C0, 3
@ 0x62C4, 1
@ 0x62C8, 1
@ 0x62CC, 1
@ 0x62D4, 4
@ 0x62D8, 2
@ 0x62DC, 2
@ 0x62E0, 2
@ 0x62E4, 6
@ 0x62E8, 3
@ 0x62EC, 2
@ 0x62F0, 1
@ 0x62F4, 5
@ 0x62F8, 4
@ 0x62FC, 4
@ 0x6300, 2
@ 0x6308, 2
@ 0x630C, 2
@ 0x6310, 5
@ 0x6314, 3
@ 0x6316, 1
@ 0x631C, 4
@ 0x6320, 2
@ 0x6324, 1
@ 0x6328, 2
@ 0x632C, 2
@ 0x6330, 4
@ 0x6334, 6
@ 0x6338, 4
@ 0x633C, 4
@ 0x6340, 7
@ 0x6344, 3
@ 0x6348, 4
@ 0x634C, 2
@ 0x6350, 3
@ 0x6354, 2
@ 0x6358, 3
@ 0x635C, 3
@ 0x6360, 3
@ 0x6364, 2
@ 0x6368, 1
@ 0x636C, 15
@ 0x6370, 4
@ 0x6374, 2
@ 0x637C, 1
@ 0x6380, 2
@ 0x6386, 1
@ 0x6388, 1
@ 0x638A, 1
@ 0x638C, 6
@ 0x6390, 3
@ 0x6392, 1
@ 0x6394, 2
@ 0x6398, 2
@ 0x639C, 1
@ 0x639E, 1
@ 0x63A0, 6
@ 0x63A4, 4
@ 0x63A8, 3
@ 0x63AC, 1
@ 0x63B0, 2
@ 0x63B2, 1
@ 0x63B4, 2
@ 0x63B6, 1
@ 0x63BC, 3
@ 0x63C0, 3
@ 0x63C4, 1
@ 0x63C6, 1
@ 0x63C8, 4
@ 0x63CC, 2
@ 0x63D0, 3
@ 0x63D2, 1
@ 0x63D4, 1
@ 0x63D8, 3
@ 0x63DC, 1
@ 0x63E8, 1
@ 0x63EC, 3
@ 0x63F4, 3
@ 0x63F6, 1
@ 0x63F8, 3
@ 0x63FC, 4
@ 0x6400, 1
@ 0x6404, 5
@ 0x6408, 2
@ 0x640C, 3
@ 0x640E, 1
@ 0x6410, 2
@ 0x6412, 1
@ 0x6414, 3
@ 0x641C, 1
@ 0x6420, 1
@ 0x6428, 4
@ 0x642C, 5
@ 0x6430, 4
@ 0x6434, 3
@ 0x6438, 3
@ 0x643C, 5
@ 0x6440, 4
@ 0x6444, 3
@ 0x6448, 2
@ 0x644C, 2
@ 0x6454, 4
@ 0x6458, 3
@ 0x645C, 2
@ 0x6464, 5
@ 0x6466, 1
@ 0x6468, 1
@ 0x646C, 3
@ 0x6470, 2
@ 0x6474, 2
@ 0x6478, 4
@ 0x647C, 2
@ 0x6480, 3
@ 0x6484, 2
@ 0x6488, 2
@ 0x648C, 3
@ 0x6490, 4
@ 0x6498, 4
@ 0x649C, 2
@ 0x64A0, 3
@ 0x64A4, 1
@ 0x64A6, 1
@ 0x64A8, 3
@ 0x64AC, 4
@ 0x64B0, 3
@ 0x64B4, 2
@ 0x64B8, 3
@ 0x64BA, 1
@ 0x64BC, 6
@ 0x64BE, 1
@ 0x64C0, 3
@ 0x64C2, 1
@ 0x64C4, 5
@ 0x64C8, 3
@ 0x64CC, 1
@ 0x64D0, 7
@ 0x64D4, 6
@ 0x64D8, 1
@ 0x64DC, 3
@ 0x64E0, 4
@ 0x64E4, 4
@ 0x64E8, 3
@ 0x64EA, 1
@ 0x64EC, 3
@ 0x64F0, 1
@ 0x64F4, 2
@ 0x64F8, 8
@ 0x64FC, 1
@ 0x6500, 1
@ 0x6504, 6
@ 0x6508, 5
@ 0x650C, 2
@ 0x650E, 1
@ 0x6510, 2
@ 0x6514, 5
@ 0x6518, 3
@ 0x651C, 5
@ 0x6520, 1
@ 0x6524, 5
@ 0x6528, 2
@ 0x652C, 2
@ 0x6530, 3
@ 0x6534, 1
@ 0x6538, 2
@ 0x653C, 4
@ 0x6540, 2
@ 0x6542, 1
@ 0x6544, 5
@ 0x6548, 1
@ 0x654A, 1
@ 0x654C, 4
@ 0x6550, 4
@ 0x6554, 3
@ 0x6558, 4
@ 0x6560, 3
@ 0x6564, 1
@ 0x6568, 2
@ 0x656C, 1
@ 0x6570, 3
@ 0x6574, 2
@ 0x6578, 1
@ 0x657A, 1
@ 0x657C, 4
@ 0x6580, 3
@ 0x6584, 5
@ 0x6588, 4
@ 0x658C, 3
@ 0x6590, 2
@ 0x6594, 2
@ 0x6598, 2
@ 0x659C, 7
@ 0x65A0, 1
@ 0x65A4, 5
@ 0x65A8, 6
@ 0x65AC, 3
@ 0x65AF, 1
@ 0x65B0, 3
@ 0x65B4, 4
@ 0x65B8, 5
@ 0x65BC, 3
@ 0x65C0, 3
@ 0x65C4, 4
@ 0x65C8, 3
@ 0x65CC, 2
@ 0x65D0, 3
@ 0x65D4, 1
@ 0x65D8, 4
@ 0x65DC, 4
@ 0x65DE, 1
@ 0x65E0, 6
@ 0x65E2, 1
@ 0x65E4, 1
@ 0x65E8, 1
@ 0x65EC, 3
@ 0x65F4, 1
@ 0x65F8, 3
@ 0x65FA, 1
@ 0x65FC, 4
@ 0x6602, 1
@ 0x6604, 4
@ 0x6608, 3
@ 0x660C, 3
@ 0x6610, 3
@ 0x6612, 1
@ 0x6614, 2
@ 0x6618, 7
@ 0x661C, 4
@ 0x6620, 2
@ 0x6622, 2
@ 0x6624, 2
@ 0x6626, 1
@ 0x6628, 5
@ 0x662C, 3
@ 0x6634, 1
@ 0x6638, 5
@ 0x663A, 1
@ 0x663C, 3
@ 0x663E, 2
@ 0x6640, 4
@ 0x6644, 3
@ 0x6648, 2
@ 0x664C, 6
@ 0x6650, 3
@ 0x6654, 3
@ 0x6658, 4
@ 0x6660, 4
@ 0x6662, 1
@ 0x6664, 1
@ 0x6668, 1
@ 0x666C, 4
@ 0x6670, 1
@ 0x6674, 5
@ 0x6678, 3
@ 0x667A, 1
@ 0x667C, 1
@ 0x667E, 1
@ 0x6680, 5
@ 0x6684, 3
@ 0x6688, 7
@ 0x668C, 5
@ 0x668E, 1
@ 0x6690, 1
@ 0x6694, 4
@ 0x6698, 4
@ 0x669C, 5
@ 0x66A0, 2
@ 0x66A4, 5
@ 0x66A6, 1
@ 0x66A8, 3
@ 0x66AC, 1
@ 0x66B0, 2
@ 0x66B4, 7
@ 0x66B6, 334
@ 0x66B8, 3
@ 0x66BC, 2
@ 0x66C0, 2
@ 0x66C2, 1
@ 0x66C4, 1
@ 0x66C6, 1
@ 0x66C8, 3
@ 0x66CC, 5
@ 0x66D0, 2
@ 0x66D4, 4
@ 0x66D8, 2
@ 0x66DA, 2
@ 0x66DC, 5
@ 0x66E0, 3
@ 0x66E4, 1
@ 0x66E6, 474
@ 0x66E8, 1
@ 0x66EC, 4
@ 0x66F0, 5
@ 0x66F2, 77
@ 0x66F4, 5
@ 0x66F8, 2
@ 0x66FC, 6
@ 0x66FE, 1
@ 0x6700, 4
@ 0x6702, 1
@ 0x6704, 3
@ 0x6706, 1
@ 0x6708, 2
@ 0x670C, 3
@ 0x6710, 3
@ 0x6714, 2
@ 0x6718, 4
@ 0x671C, 6
@ 0x6720, 2
@ 0x6724, 1
@ 0x6728, 4
@ 0x672C, 6
@ 0x6730, 4
@ 0x6734, 11
@ 0x6738, 5
@ 0x673C, 1
@ 0x6740, 3
@ 0x6744, 4
@ 0x6748, 5
@ 0x674C, 4
@ 0x6750, 7
@ 0x6752, 2
@ 0x6754, 2
@ 0x6758, 4
@ 0x675C, 4
@ 0x6760, 3
@ 0x6764, 1
@ 0x6768, 1
@ 0x676C, 1
@ 0x676E, 1
@ 0x6770, 6
@ 0x6772, 1
@ 0x6774, 5
@ 0x6778, 1
@ 0x677C, 3
@ 0x6780, 3
@ 0x6784, 3
@ 0x6788, 3
@ 0x678C, 6
@ 0x678E, 1
@ 0x6790, 3
@ 0x6794, 2
@ 0x6798, 4
@ 0x679C, 5
@ 0x67A0, 5
@ 0x67A2, 2
@ 0x67A4, 2
@ 0x67A8, 2
@ 0x67AC, 5
@ 0x67B0, 3
@ 0x67B2, 1
@ 0x67B4, 4
@ 0x67B8, 4
@ 0x67BC, 4
@ 0x67C0, 4
@ 0x67C2, 1
@ 0x67C4, 6
@ 0x67C8, 4
@ 0x67CA, 1
@ 0x67CC, 3
@ 0x67CE, 2
@ 0x67D0, 6
@ 0x67D4, 7
@ 0x67D8, 4
@ 0x67DC, 5
@ 0x67DE, 1
@ 0x67E0, 5
@ 0x67E4, 9
@ 0x67E6, 1
@ 0x67E8, 3
@ 0x67EC, 4
@ 0x67F0, 3
@ 0x67F4, 4
@ 0x67F8, 3
@ 0x67FC, 5
@ 0x6800, 4
@ 0x6804, 2
@ 0x6808, 6
@ 0x680C, 2
@ 0x6810, 3
@ 0x6818, 3
@ 0x681C, 4
@ 0x6820, 3
@ 0x6824, 1
@ 0x6828, 2
@ 0x682A, 1
@ 0x682C, 4
@ 0x682E, 1
@ 0x6830, 3
@ 0x6832, 2
@ 0x6834, 4
@ 0x6838, 5
@ 0x683A, 1
@ 0x683C, 5
@ 0x6840, 4
@ 0x6844, 22
@ 0x6848, 5
@ 0x684C, 3
@ 0x6850, 4
@ 0x6854, 2
@ 0x6856, 1
@ 0x6858, 5
@ 0x685C, 4
@ 0x6860, 5
@ 0x6864, 4
@ 0x6868, 4
@ 0x686C, 3
@ 0x6870, 2
@ 0x6872, 1
@ 0x6874, 1
@ 0x6878, 1
@ 0x687A, 1
@ 0x687C, 3
@ 0x6880, 2
@ 0x6884, 2
@ 0x6888, 4
@ 0x688C, 9
@ 0x6890, 5
@ 0x6892, 1
@ 0x6894, 4
@ 0x6898, 5
@ 0x689C, 5
@ 0x68A0, 3
@ 0x68A2, 1
@ 0x68A4, 2
@ 0x68A6, 1
@ 0x68A8, 5
@ 0x68AC, 4
@ 0x68B0, 2
@ 0x68B2, 1
@ 0x68B4, 3
@ 0x68B8, 5
@ 0x68BC, 5
@ 0x68C0, 2
@ 0x68C4, 9
@ 0x68C8, 4
@ 0x68CC, 5
@ 0x68D0, 3
@ 0x68D4, 8
@ 0x68D8, 1
@ 0x68DC, 6
@ 0x68E0, 6
@ 0x68E4, 3
@ 0x68E8, 1
@ 0x68EC, 1
@ 0x68F0, 9
@ 0x68F4, 5
@ 0x68F6, 1
@ 0x68F8, 7
@ 0x68FC, 3
@ 0x6900, 4
@ 0x6904, 6
@ 0x6908, 3
@ 0x690C, 6
@ 0x690E, 1
@ 0x6910, 5
@ 0x6914, 9
@ 0x6918, 5
@ 0x691A, 2
@ 0x691C, 6
@ 0x6920, 2
@ 0x6924, 6
@ 0x6928, 5
@ 0x692A, 1
@ 0x692C, 3
@ 0x6930, 7
@ 0x6932, 1
@ 0x6934, 4
@ 0x6938, 2
@ 0x693A, 1
@ 0x693C, 4
@ 0x6940, 2
@ 0x6948, 3
@ 0x694C, 8
@ 0x6950, 5
@ 0x6952, 1
@ 0x6954, 5
@ 0x6956, 1
@ 0x6958, 5
@ 0x695C, 1
@ 0x6960, 8
@ 0x6964, 7
@ 0x6968, 8
@ 0x696C, 2
@ 0x6970, 3
@ 0x6972, 1
@ 0x6974, 2
@ 0x6978, 5
@ 0x697A, 1
@ 0x697C, 7
@ 0x6980, 2
@ 0x6984, 7
@ 0x6988, 7
@ 0x698C, 6
@ 0x6990, 4
@ 0x6994, 6
@ 0x6998, 2
@ 0x699A, 1
@ 0x699C, 4
@ 0x69A0, 4
@ 0x69A4, 2
@ 0x69A8, 3
@ 0x69AC, 6
@ 0x69B0, 2
@ 0x69B4, 9
@ 0x69B8, 7
@ 0x69BC, 4
@ 0x69C0, 8
@ 0x69C4, 6
@ 0x69C8, 3
@ 0x69CC, 5
@ 0x69D0, 5
@ 0x69D4, 8
@ 0x69D6, 1
@ 0x69D8, 4
@ 0x69DC, 2
@ 0x69E0, 2
@ 0x69E4, 6
@ 0x69E8, 2
@ 0x69EC, 2
@ 0x69F0, 7
@ 0x69F2, 1
@ 0x69F4, 2
@ 0x69F8, 10
@ 0x69FC, 4
@ 0x69FE, 1
@ 0x6A00, 2
@ 0x6A04, 5
@ 0x6A08, 6
@ 0x6A0C, 5
@ 0x6A10, 4
@ 0x6A14, 5
@ 0x6A18, 7
@ 0x6A1C, 3
@ 0x6A20, 4
@ 0x6A22, 1
@ 0x6A24, 10
@ 0x6A26, 2
@ 0x6A28, 7
@ 0x6A2C, 6
@ 0x6A30, 8
@ 0x6A34, 8
@ 0x6A38, 3
@ 0x6A3C, 2
@ 0x6A40, 1
@ 0x6A42, 1
@ 0x6A44, 2
@ 0x6A48, 2
@ 0x6A4C, 4
@ 0x6A50, 2
@ 0x6A54, 8
@ 0x6A58, 8
@ 0x6A5C, 9
@ 0x6A60, 2
@ 0x6A62, 1
@ 0x6A64, 2
@ 0x6A68, 4
@ 0x6A6C, 3
@ 0x6A70, 3
@ 0x6A72, 2
@ 0x6A74, 2
@ 0x6A78, 4
@ 0x6A7C, 3
@ 0x6A7E, 1
@ 0x6A80, 5
@ 0x6A84, 4
@ 0x6A86, 1
@ 0x6A88, 5
@ 0x6A8C, 5
@ 0x6A90, 7
@ 0x6A94, 2
@ 0x6A96, 2
@ 0x6A98, 7
@ 0x6A9C, 3
@ 0x6A9E, 1
@ 0x6AA0, 5
@ 0x6AA4, 5
@ 0x6AA8, 2
@ 0x6AAC, 6
@ 0x6AB0, 5
@ 0x6AB4, 5
@ 0x6AB8, 4
@ 0x6ABC, 4
@ 0x6AC0, 4
@ 0x6AC4, 8
@ 0x6AC6, 1
@ 0x6AC8, 5
@ 0x6ACC, 2
@ 0x6AD0, 6
@ 0x6AD4, 6
@ 0x6AD8, 2
@ 0x6ADE, 1
@ 0x6AE0, 6
@ 0x6AE4, 3
@ 0x6AE6, 1
@ 0x6AE8, 8
@ 0x6AEC, 3
@ 0x6AF0, 3
@ 0x6AF4, 3
@ 0x6AF6, 1
@ 0x6AF8, 6
@ 0x6AFA, 1
@ 0x6AFC, 2
@ 0x6B00, 5
@ 0x6B04, 6
@ 0x6B08, 3
@ 0x6B0A, 2
@ 0x6B0C, 5
@ 0x6B0E, 1
@ 0x6B10, 3
@ 0x6B14, 6
@ 0x6B18, 6
@ 0x6B1C, 1
@ 0x6B20, 4
@ 0x6B24, 4
@ 0x6B26, 1
@ 0x6B28, 3
@ 0x6B2A, 1
@ 0x6B2C, 2
@ 0x6B2E, 1
@ 0x6B30, 3
@ 0x6B34, 5
@ 0x6B38, 4
@ 0x6B3C, 5
@ 0x6B40, 3
@ 0x6B44, 5
@ 0x6B48, 8
@ 0x6B4C, 6
@ 0x6B4E, 1
@ 0x6B50, 3
@ 0x6B54, 3
@ 0x6B58, 7
@ 0x6B5A, 2
@ 0x6B5C, 4
@ 0x6B60, 5
@ 0x6B64, 1
@ 0x6B68, 3
@ 0x6B6C, 8
@ 0x6B70, 2
@ 0x6B74, 4
@ 0x6B75, 1
@ 0x6B76, 1
@ 0x6B78, 5
@ 0x6B7C, 5
@ 0x6B80, 6
@ 0x6B82, 1
@ 0x6B84, 6
@ 0x6B86, 1
@ 0x6B88, 3
@ 0x6B8C, 6
@ 0x6B90, 10
@ 0x6B92, 1
@ 0x6B94, 9
@ 0x6B98, 5
@ 0x6B9C, 5
@ 0x6BA0, 7
@ 0x6BA4, 5
@ 0x6BA8, 3
@ 0x6BAA, 1
@ 0x6BAC, 4
@ 0x6BB0, 3
@ 0x6BB4, 7
@ 0x6BB8, 6
@ 0x6BBA, 1
@ 0x6BBC, 4
@ 0x6BC0, 9
@ 0x6BC2, 2
@ 0x6BC4, 1
@ 0x6BC6, 1
@ 0x6BC8, 7
@ 0x6BCC, 4
@ 0x6BD0, 8
@ 0x6BD2, 1
@ 0x6BD4, 6
@ 0x6BD8, 7
@ 0x6BDA, 2
@ 0x6BDC, 4
@ 0x6BE0, 1
@ 0x6BE4, 4
@ 0x6BE8, 4
@ 0x6BEC, 4
@ 0x6BF0, 6
@ 0x6BF4, 4
@ 0x6BF8, 5
@ 0x6BFC, 3
@ 0x6C00, 4
@ 0x6C02, 1
@ 0x6C04, 3
@ 0x6C06, 1
@ 0x6C08, 7
@ 0x6C0C, 7
@ 0x6C10, 5
@ 0x6C14, 5
@ 0x6C18, 2
@ 0x6C1C, 1
@ 0x6C20, 7
@ 0x6C22, 1
@ 0x6C24, 10
@ 0x6C28, 5
@ 0x6C2C, 5
@ 0x6C2E, 1
@ 0x6C30, 6
@ 0x6C34, 2
@ 0x6C38, 2
@ 0x6C3C, 5
@ 0x6C3E, 1
@ 0x6C40, 2
@ 0x6C44, 6
@ 0x6C48, 6
@ 0x6C4A, 1
@ 0x6C4C, 3
@ 0x6C4E, 1
@ 0x6C50, 2
@ 0x6C54, 4
@ 0x6C58, 5
@ 0x6C5C, 7
@ 0x6C60, 9
@ 0x6C64, 5
@ 0x6C68, 6
@ 0x6C6C, 4
@ 0x6C70, 1
@ 0x6C74, 5
@ 0x6C76, 1
@ 0x6C78, 4
@ 0x6C7A, 1
@ 0x6C7C, 4
@ 0x6C7E, 2
@ 0x6C80, 2
@ 0x6C84, 4
@ 0x6C88, 3
@ 0x6C8A, 1
@ 0x6C8C, 3
@ 0x6C90, 2
@ 0x6C94, 5
@ 0x6C98, 8
@ 0x6C9C, 2
@ 0x6C9E, 1
@ 0x6CA0, 6
@ 0x6CA3, 1
@ 0x6CA4, 6
@ 0x6CA8, 1
@ 0x6CAA, 1
@ 0x6CAC, 3
@ 0x6CB0, 2
@ 0x6CB2, 2
@ 0x6CB4, 6
@ 0x6CB6, 1
@ 0x6CB8, 4
@ 0x6CBA, 1
@ 0x6CBC, 2
@ 0x6CC0, 6
@ 0x6CC4, 6
@ 0x6CC8, 5
@ 0x6CCC, 6
@ 0x6CD0, 7
@ 0x6CD2, 1
@ 0x6CD4, 4
@ 0x6CD8, 1
@ 0x6CDC, 3
@ 0x6CDE, 1
@ 0x6CE0, 7
@ 0x6CE4, 5
@ 0x6CE6, 1
@ 0x6CE8, 5
@ 0x6CEC, 9
@ 0x6CF0, 2
@ 0x6CF4, 4
@ 0x6CFC, 3
@ 0x6CFE, 2
@ 0x6D00, 3
@ 0x6D02, 1
@ 0x6D04, 3
@ 0x6D08, 1
@ 0x6D0A, 1
@ 0x6D0C, 7
@ 0x6D10, 6
@ 0x6D14, 5
@ 0x6D16, 2
@ 0x6D18, 8
@ 0x6D1C, 6
@ 0x6D1E, 1
@ 0x6D20, 4
@ 0x6D24, 3
@ 0x6D28, 5
@ 0x6D2A, 1
@ 0x6D2C, 5
@ 0x6D30, 4
@ 0x6D34, 4
@ 0x6D38, 2
@ 0x6D3C, 5
@ 0x6D40, 5
@ 0x6D42, 1
@ 0x6D44, 2
@ 0x6D46, 2
@ 0x6D48, 5
@ 0x6D4C, 1
@ 0x6D50, 4
@ 0x6D54, 12
@ 0x6D56, 1
@ 0x6D58, 2
@ 0x6D5C, 9
@ 0x6D60, 8
@ 0x6D64, 4
@ 0x6D66, 2
@ 0x6D68, 2
@ 0x6D6C, 3
@ 0x6D70, 3
@ 0x6D74, 5
@ 0x6D76, 2
@ 0x6D78, 4
@ 0x6D7C, 3
@ 0x6D80, 9
@ 0x6D84, 5
@ 0x6D88, 6
@ 0x6D8A, 2
@ 0x6D8C, 6
@ 0x6D90, 4
@ 0x6D94, 4
@ 0x6D98, 5
@ 0x6D9A, 3
@ 0x6D9C, 7
@ 0x6D9E, 1
@ 0x6DA0, 5
@ 0x6DA4, 9
@ 0x6DA8, 4
@ 0x6DAA, 1
@ 0x6DAC, 7
@ 0x6DB0, 4
@ 0x6DB2, 1
@ 0x6DB4, 11
@ 0x6DB6, 1
@ 0x6DB8, 9
@ 0x6DBC, 5
@ 0x6DC0, 4
@ 0x6DC4, 7
@ 0x6DC8, 4
@ 0x6DCC, 6
@ 0x6DD0, 6
@ 0x6DD4, 10
@ 0x6DD6, 1
@ 0x6DD8, 4
@ 0x6DDA, 1
@ 0x6DDC, 2
@ 0x6DE0, 5
@ 0x6DE2, 2
@ 0x6DE4, 11
@ 0x6DE8, 2
@ 0x6DEC, 4
@ 0x6DEE, 1
@ 0x6DF0, 7
@ 0x6DF2, 1
@ 0x6DF4, 9
@ 0x6DF8, 7
@ 0x6DFC, 9
@ 0x6E00, 7
@ 0x6E04, 11
@ 0x6E08, 6
@ 0x6E0C, 8
@ 0x6E10, 6
@ 0x6E14, 11
@ 0x6E16, 1
@ 0x6E18, 8
@ 0x6E1C, 2
@ 0x6E1E, 1
@ 0x6E20, 5
@ 0x6E22, 2
@ 0x6E24, 3
@ 0x6E28, 7
@ 0x6E2C, 6
@ 0x6E30, 9
@ 0x6E34, 9
@ 0x6E36, 1
@ 0x6E38, 5
@ 0x6E3C, 9
@ 0x6E40, 2
@ 0x6E42, 1
@ 0x6E44, 5
@ 0x6E48, 4
@ 0x6E4C, 7
@ 0x6E50, 6
@ 0x6E54, 3
@ 0x6E58, 6
@ 0x6E5A, 1
@ 0x6E5C, 7
@ 0x6E60, 4
@ 0x6E62, 2
@ 0x6E64, 10
@ 0x6E68, 5
@ 0x6E6A, 1
@ 0x6E6C, 6
@ 0x6E70, 3
@ 0x6E74, 5
@ 0x6E78, 7
@ 0x6E7A, 1
@ 0x6E7C, 6
@ 0x6E80, 8
@ 0x6E84, 13
@ 0x6E88, 8
@ 0x6E8C, 10
@ 0x6E90, 4
@ 0x6E94, 12
@ 0x6E96, 2
@ 0x6E98, 7
@ 0x6E9C, 10
@ 0x6E9E, 1
@ 0x6EA0, 7
@ 0x6EA2, 1
@ 0x6EA4, 4
@ 0x6EA8, 7
@ 0x6EAA, 1
@ 0x6EAC, 8
@ 0x6EB0, 13
@ 0x6EB4, 8
@ 0x6EB8, 11
@ 0x6EBA, 2
@ 0x6EBC, 8
@ 0x6EBE, 1
@ 0x6EC0, 4
@ 0x6EC4, 5
@ 0x6EC8, 6
@ 0x6ECC, 10
@ 0x6ED0, 12
@ 0x6ED2, 1
@ 0x6ED4, 6
@ 0x6ED8, 6
@ 0x6EDA, 1
@ 0x6EDC, 10
@ 0x6EE0, 9
@ 0x6EE4, 6
@ 0x6EE6, 1
@ 0x6EE8, 12
@ 0x6EEC, 7
@ 0x6EF0, 10
@ 0x6EF4, 8
@ 0x6EF8, 8
@ 0x6EFA, 1
@ 0x6EFC, 11
@ 0x6F00, 13
@ 0x6F02, 1
@ 0x6F04, 8
@ 0x6F06, 1
@ 0x6F08, 10
@ 0x6F0C, 10
@ 0x6F10, 4
@ 0x6F14, 9
@ 0x6F18, 10
@ 0x6F1C, 7
@ 0x6F20, 6
@ 0x6F24, 9
@ 0x6F28, 8
@ 0x6F2C, 8
@ 0x6F30, 5
@ 0x6F34, 6
@ 0x6F38, 5
@ 0x6F3C, 11
@ 0x6F40, 10
@ 0x6F44, 10
@ 0x6F48, 5
@ 0x6F4C, 10
@ 0x6F4E, 1
@ 0x6F50, 7
@ 0x6F52, 1
@ 0x6F54, 10
@ 0x6F56, 1
@ 0x6F58, 5
@ 0x6F5A, 2
@ 0x6F5C, 5
@ 0x6F60, 9
@ 0x6F64, 11
@ 0x6F68, 13
@ 0x6F6C, 7
@ 0x6F70, 5
@ 0x6F72, 1
@ 0x6F74, 5
@ 0x6F78, 5
@ 0x6F7C, 14
@ 0x6F80, 7
@ 0x6F84, 12
@ 0x6F88, 10
@ 0x6F8A, 1
@ 0x6F8C, 13
@ 0x6F8E, 1
@ 0x6F90, 6
@ 0x6F92, 2
@ 0x6F94, 7
@ 0x6F98, 12
@ 0x6F9A, 3
@ 0x6F9C, 43
@ 0x6FA0, 8
@ 0x6FA2, 1
@ 0x6FA4, 8
@ 0x6FA8, 7
@ 0x6FAC, 10
@ 0x6FB0, 7
@ 0x6FB2, 1
@ 0x6FB4, 9
@ 0x6FB8, 8
@ 0x6FBC, 13
@ 0x6FC0, 5
@ 0x6FC4, 10
@ 0x6FC8, 7
@ 0x6FCA, 1
@ 0x6FCC, 6
@ 0x6FD0, 5
@ 0x6FD4, 5
@ 0x6FD6, 1
@ 0x6FD8, 5
@ 0x6FDC, 14
@ 0x6FE0, 8
@ 0x6FE4, 4
@ 0x6FE8, 8
@ 0x6FEC, 6
@ 0x6FF0, 7
@ 0x6FF4, 8
@ 0x6FF8, 5
@ 0x6FFC, 10
@ 0x6FFE, 2
@ 0x7000, 6
@ 0x7004, 9
@ 0x7008, 11
@ 0x700C, 7
@ 0x7010, 9
@ 0x7012, 1
@ 0x7014, 9
@ 0x7016, 1
@ 0x7018, 4
@ 0x701A, 1
@ 0x701C, 3
@ 0x7020, 7
@ 0x7022, 1
@ 0x7024, 3
@ 0x7028, 7
@ 0x702C, 4
@ 0x7030, 7
@ 0x7032, 1
@ 0x7034, 10
@ 0x7038, 2
@ 0x703A, 1
@ 0x703C, 4
@ 0x7040, 9
@ 0x7044, 7
@ 0x7048, 5
@ 0x704C, 3
@ 0x7050, 6
@ 0x7052, 1
@ 0x7054, 5
@ 0x7056, 1
@ 0x7058, 6
@ 0x705C, 5
@ 0x705E, 1
@ 0x7060, 4
@ 0x7064, 4
@ 0x7066, 1
@ 0x7068, 5
@ 0x706C, 9
@ 0x706E, 1
@ 0x7070, 7
@ 0x7072, 1
@ 0x7074, 5
@ 0x7078, 7
@ 0x707C, 5
@ 0x7080, 6
@ 0x7084, 6
@ 0x7086, 1
@ 0x7088, 4
@ 0x708C, 3
@ 0x7090, 8
@ 0x7092, 1
@ 0x7094, 6
@ 0x7098, 1
@ 0x709C, 4
@ 0x70A0, 3
@ 0x70A4, 9
@ 0x70A8, 3
@ 0x70AC, 7
@ 0x70B0, 1
@ 0x70B4, 6
@ 0x70B8, 4
@ 0x70BC, 5
@ 0x70C0, 3
@ 0x70C4, 1
@ 0x70C8, 6
@ 0x70CC, 5
@ 0x70CE, 1
@ 0x70D0, 8
@ 0x70D2, 1
@ 0x70D4, 5
@ 0x70D8, 5
@ 0x70DC, 6
@ 0x70E0, 4
@ 0x70E2, 1
@ 0x70E4, 6
@ 0x70E8, 5
@ 0x70EC, 3
@ 0x70EE, 1
@ 0x70F0, 8
@ 0x70F2, 1
@ 0x70F4, 7
@ 0x70F8, 7
@ 0x70FC, 1
@ 0x7100, 4
@ 0x7104, 4
@ 0x7108, 2
@ 0x710C, 8
@ 0x7110, 2
@ 0x7112, 1
@ 0x7114, 3
@ 0x7118, 4
@ 0x711C, 2
@ 0x7120, 1
@ 0x7122, 1
@ 0x7124, 1
@ 0x7128, 9
@ 0x712C, 4
@ 0x7130, 4
@ 0x7134, 6
@ 0x7136, 1
@ 0x7138, 1
@ 0x713C, 2
@ 0x7140, 3
@ 0x7144, 3
@ 0x7148, 5
@ 0x714C, 2
@ 0x7150, 6
@ 0x7154, 6
@ 0x7156, 1
@ 0x7158, 5
@ 0x715C, 5
@ 0x7160, 4
@ 0x7163, 1
@ 0x7164, 3
@ 0x7168, 3
@ 0x7170, 3
@ 0x7174, 3
@ 0x7178, 4
@ 0x717C, 5
@ 0x717E, 1
@ 0x7180, 10
@ 0x7182, 1
@ 0x7184, 3
@ 0x7188, 5
@ 0x718C, 2
@ 0x7190, 2
@ 0x7194, 4
@ 0x7198, 2
@ 0x719C, 4
@ 0x71A0, 4
@ 0x71A2, 1
@ 0x71A4, 2
@ 0x71A8, 2
@ 0x71AC, 2
@ 0x71B0, 4
@ 0x71B4, 5
@ 0x71B8, 9
@ 0x71BC, 1
@ 0x71BE, 1
@ 0x71C0, 4
@ 0x71C4, 4
@ 0x71C8, 3
@ 0x71CC, 3
@ 0x71D0, 3
@ 0x71D4, 4
@ 0x71D8, 1
@ 0x71DA, 1
@ 0x71DC, 3
@ 0x71E0, 5
@ 0x71E4, 2
@ 0x71E8, 2
@ 0x71EA, 1
@ 0x71EC, 3
@ 0x71F0, 1
@ 0x71F4, 6
@ 0x71F8, 8
@ 0x71FC, 3
@ 0x7204, 4
@ 0x7208, 3
@ 0x720C, 1
@ 0x7210, 4
@ 0x7214, 3
@ 0x7216, 1
@ 0x7218, 4
@ 0x721C, 7
@ 0x7220, 2
@ 0x7222, 1
@ 0x7224, 6
@ 0x7228, 2
@ 0x722C, 4
@ 0x7230, 4
@ 0x723C, 2
@ 0x7240, 4
@ 0x7248, 4
@ 0x724C, 2
@ 0x7250, 6
@ 0x7252, 1
@ 0x7254, 1
@ 0x7258, 1
@ 0x725C, 2
@ 0x7260, 1
@ 0x7264, 1
@ 0x7268, 1
@ 0x726C, 2
@ 0x7270, 2
@ 0x7274, 1
@ 0x7278, 2
@ 0x727C, 2
@ 0x727E, 2
@ 0x7280, 3
@ 0x728C, 3
@ 0x7294, 1
@ 0x7298, 2
@ 0x729C, 3
@ 0x72A0, 1
@ 0x72A2, 1
@ 0x72A6, 1
@ 0x72A8, 1
@ 0x72AC, 3
@ 0x72B0, 4
@ 0x72B4, 2
@ 0x72B8, 4
@ 0x72BC, 6
@ 0x72C0, 3
@ 0x72C4, 3
@ 0x72C8, 1
@ 0x72CC, 4
@ 0x72CE, 1
@ 0x72D0, 1
@ 0x72D4, 5
@ 0x72D8, 6
@ 0x72DC, 3
@ 0x72E0, 3
@ 0x72E4, 2
@ 0x72E8, 2
@ 0x72EC, 1
@ 0x72F0, 1
@ 0x72F2, 1
@ 0x72F4, 2
@ 0x72F8, 3
@ 0x72FC, 1
@ 0x7300, 2
@ 0x7302, 1
@ 0x7304, 4
@ 0x7308, 3
@ 0x730C, 2
@ 0x7314, 4
@ 0x7318, 3
@ 0x7320, 3
@ 0x7324, 3
@ 0x7328, 2
@ 0x732C, 2
@ 0x7334, 3
@ 0x7338, 2
@ 0x733C, 4
@ 0x7340, 1
@ 0x7344, 2
@ 0x7348, 1
@ 0x734A, 1
@ 0x734C, 1
@ 0x7350, 1
@ 0x7354, 4
@ 0x7358, 3
@ 0x735A, 1
@ 0x735C, 4
@ 0x7360, 1
@ 0x7364, 5
@ 0x7368, 1
@ 0x736C, 1
@ 0x7370, 2
@ 0x7376, 1
@ 0x737C, 2
@ 0x7380, 2
@ 0x7386, 1
@ 0x7388, 2
@ 0x738C, 3
@ 0x7394, 1
@ 0x7398, 1
@ 0x739C, 3
@ 0x73A0, 3
@ 0x73A4, 2
@ 0x73A8, 1
@ 0x73AC, 3
@ 0x73B0, 2
@ 0x73B4, 2
@ 0x73B8, 2
@ 0x73BC, 1
@ 0x73C0, 1
@ 0x73C4, 3
@ 0x73C8, 1
@ 0x73CC, 1
@ 0x73D0, 4
@ 0x73D4, 3
@ 0x73D8, 1
@ 0x73DA, 1
@ 0x73DC, 3
@ 0x73E0, 2
@ 0x73E4, 1
@ 0x73EC, 2
@ 0x73F0, 2
@ 0x73F4, 1
@ 0x73F8, 2
@ 0x7400, 2
@ 0x7404, 2
@ 0x7408, 1
@ 0x740C, 2
@ 0x7414, 3
@ 0x741C, 1
@ 0x7420, 2
@ 0x7424, 1
@ 0x7428, 2
@ 0x742A, 1
@ 0x742C, 1
@ 0x7430, 5
@ 0x7434, 3
@ 0x7438, 1
@ 0x743C, 2
@ 0x7440, 2
@ 0x7444, 2
@ 0x7448, 2
@ 0x744C, 2
@ 0x7454, 1
@ 0x7458, 1
@ 0x745C, 3
@ 0x7460, 4
@ 0x7464, 3
@ 0x7468, 4
@ 0x746C, 2
@ 0x7474, 1
@ 0x747C, 3
@ 0x747E, 1
@ 0x7484, 2
@ 0x7486, 1
@ 0x748C, 1
@ 0x7490, 3
@ 0x7492, 1
@ 0x7494, 3
@ 0x7498, 2
@ 0x749C, 1
@ 0x74A2, 1
@ 0x74A4, 1
@ 0x74AC, 1
@ 0x74B4, 1
@ 0x74B8, 1
@ 0x74BC, 8
@ 0x74C0, 1
@ 0x74C4, 3
@ 0x74C6, 1
@ 0x74CC, 3
@ 0x74D0, 2
@ 0x74D4, 5
@ 0x74D8, 2
@ 0x74DC, 2
@ 0x74E8, 2
@ 0x74EC, 2
@ 0x74F0, 2
@ 0x74F4, 2
@ 0x74F6, 1
@ 0x74FC, 3
@ 0x74FE, 1
@ 0x7500, 1
@ 0x7508, 2
@ 0x7510, 1
@ 0x7514, 2
@ 0x7518, 1
@ 0x751C, 2
@ 0x7520, 1
@ 0x7524, 2
@ 0x7526, 1
@ 0x7528, 2
@ 0x752C, 2
@ 0x7530, 3
@ 0x753C, 2
@ 0x753E, 1
@ 0x7540, 2
@ 0x7548, 2
@ 0x754C, 1
@ 0x754E, 2
@ 0x7550, 3
@ 0x7554, 3
@ 0x755C, 1
@ 0x7560, 4
@ 0x7564, 1
@ 0x7568, 2
@ 0x756C, 1
@ 0x7570, 1
@ 0x7574, 4
@ 0x757C, 2
@ 0x7584, 2
@ 0x7588, 1
@ 0x758A, 1
@ 0x7594, 1
@ 0x7598, 3
@ 0x759C, 1
@ 0x75A4, 2
@ 0x75A8, 2
@ 0x75AC, 1
@ 0x75B0, 3
@ 0x75B8, 1
@ 0x75BC, 1
@ 0x75C4, 3
@ 0x75C8, 1
@ 0x75CC, 4
@ 0x75D0, 1
@ 0x75D4, 2
@ 0x75D8, 1
@ 0x75DC, 3
@ 0x75DE, 1
@ 0x75E0, 5
@ 0x75E4, 2
@ 0x75E8, 4
@ 0x75EC, 2
@ 0x75F0, 3
@ 0x75F2, 1
@ 0x75F4, 1
@ 0x75F8, 2
@ 0x75FC, 2
@ 0x7600, 3
@ 0x7604, 1
@ 0x760C, 4
@ 0x7610, 2
@ 0x7614, 1
@ 0x7618, 4
@ 0x761A, 1
@ 0x761C, 3
@ 0x7620, 1
@ 0x7624, 3
@ 0x7628, 4
@ 0x762C, 1
@ 0x7630, 3
@ 0x7634, 2
@ 0x7638, 2
@ 0x763C, 4
@ 0x7640, 3
@ 0x7644, 1
@ 0x7648, 3
@ 0x764C, 1
@ 0x7650, 3
@ 0x7654, 2
@ 0x7658, 3
@ 0x765C, 3
@ 0x7660, 1
@ 0x7664, 3
@ 0x7668, 3
@ 0x766C, 2
@ 0x7670, 2
@ 0x7674, 2
@ 0x7678, 3
@ 0x767A, 1
@ 0x767C, 6
@ 0x7680, 2
@ 0x7684, 2
@ 0x7688, 3
@ 0x7690, 4
@ 0x7694, 4
@ 0x769C, 1
@ 0x76A0, 1
@ 0x76A4, 2
@ 0x76AC, 2
@ 0x76B0, 3
@ 0x76B4, 3
@ 0x76B8, 3
@ 0x76BA, 1
@ 0x76BC, 2
@ 0x76C0, 4
@ 0x76C2, 2
@ 0x76C4, 3
@ 0x76C8, 4
@ 0x76CC, 5
@ 0x76D0, 4
@ 0x76D4, 1
@ 0x76DC, 1
@ 0x76E0, 1
@ 0x76EC, 4
@ 0x76F0, 2
@ 0x76F8, 2
@ 0x76FC, 2
@ 0x7700, 5
@ 0x7704, 3
@ 0x7708, 2
@ 0x770C, 3
@ 0x770E, 77
@ 0x7710, 9
@ 0x7714, 1
@ 0x7718, 3
@ 0x771C, 2
@ 0x771E, 1
@ 0x7720, 1
@ 0x7724, 3
@ 0x7728, 1
@ 0x772C, 5
@ 0x7730, 1
@ 0x7734, 1
@ 0x7738, 1
@ 0x773C, 6
@ 0x7740, 1
@ 0x7744, 5
@ 0x7748, 2
@ 0x774C, 1
@ 0x7750, 1
@ 0x7754, 2
@ 0x7758, 1
@ 0x775A, 9
@ 0x775C, 3
@ 0x7760, 3
@ 0x7764, 1
@ 0x7768, 2
@ 0x776C, 3
@ 0x776E, 1
@ 0x7770, 1
@ 0x7774, 5
@ 0x7777, 1
@ 0x7778, 5
@ 0x777C, 2
@ 0x7780, 1
@ 0x7784, 1
@ 0x7788, 2
@ 0x778C, 5
@ 0x7790, 4
@ 0x7794, 2
@ 0x7798, 1
@ 0x779C, 2
@ 0x77A0, 1
@ 0x77A4, 6
@ 0x77A8, 4
@ 0x77AC, 2
@ 0x77B0, 2
@ 0x77B4, 1
@ 0x77B8, 6
@ 0x77BA, 2
@ 0x77BC, 3
@ 0x77C4, 1
@ 0x77C8, 3
@ 0x77CA, 1
@ 0x77CC, 3
@ 0x77D0, 3
@ 0x77D4, 1
@ 0x77D8, 5
@ 0x77DC, 4
@ 0x77E0, 1
@ 0x77E4, 4
@ 0x77E8, 1
@ 0x77EC, 1
@ 0x77F0, 3
@ 0x77F2, 1
@ 0x77F4, 6
@ 0x77F6, 112
@ 0x77FC, 1
@ 0x7800, 4
@ 0x7804, 3
@ 0x7808, 2
@ 0x780C, 5
@ 0x7810, 2
@ 0x7814, 3
@ 0x7818, 2
@ 0x781C, 3
@ 0x7820, 3
@ 0x7824, 2
@ 0x7828, 7
@ 0x782C, 3
@ 0x7830, 7
@ 0x7834, 2
@ 0x7838, 4
@ 0x783C, 3
@ 0x7840, 4
@ 0x7844, 2
@ 0x7848, 1
@ 0x784C, 4
@ 0x7850, 1
@ 0x7854, 2
@ 0x7856, 3
@ 0x7858, 4
@ 0x785C, 3
@ 0x7860, 3
@ 0x7868, 2
@ 0x786C, 3
@ 0x786E, 1
@ 0x7870, 3
@ 0x7878, 4
@ 0x787C, 2
@ 0x7880, 3
@ 0x7884, 4
@ 0x7888, 3
@ 0x788C, 2
@ 0x7894, 1
@ 0x7898, 4
@ 0x789C, 2
@ 0x78A0, 1
@ 0x78A4, 4
@ 0x78AC, 8
@ 0x78B0, 1
@ 0x78B4, 3
@ 0x78B6, 1
@ 0x78B8, 5
@ 0x78B9, 1
@ 0x78BC, 2
@ 0x78C0, 4
@ 0x78C4, 4
@ 0x78C8, 3
@ 0x78CC, 4
@ 0x78D0, 1
@ 0x78D4, 2
@ 0x78D6, 1
@ 0x78D8, 14
@ 0x78E0, 3
@ 0x78E4, 6
@ 0x78E8, 1
@ 0x78EC, 3
@ 0x78F0, 4
@ 0x78F4, 4
@ 0x78F8, 5
@ 0x78FC, 2
@ 0x7900, 2
@ 0x7902, 2
@ 0x7904, 7
@ 0x7908, 35
@ 0x790A, 1
@ 0x790C, 3
@ 0x7910, 2
@ 0x7912, 1
@ 0x7914, 1
@ 0x7918, 4
@ 0x791A, 1
@ 0x7920, 5
@ 0x7924, 4
@ 0x792C, 1
@ 0x7936, 36
@ 0x7938, 29
@ 0x793C, 2
@ 0x7940, 1
@ 0x7942, 1
@ 0x7944, 3
@ 0x7948, 2
@ 0x794C, 2
@ 0x7950, 2
@ 0x7952, 1
@ 0x7954, 4
@ 0x7958, 4
@ 0x795C, 6
@ 0x7960, 6
@ 0x7964, 5
@ 0x7968, 5
@ 0x796A, 7
@ 0x796C, 2
@ 0x7970, 5
@ 0x7974, 3
@ 0x7978, 5
@ 0x797C, 6
@ 0x797E, 38
@ 0x7980, 5
@ 0x7984, 1
@ 0x7988, 4
@ 0x798C, 3
@ 0x7990, 2
@ 0x7994, 3
@ 0x7998, 4
@ 0x799C, 2
@ 0x79A0, 2
@ 0x79A4, 4
@ 0x79A8, 1
@ 0x79AC, 6
@ 0x79AE, 1
@ 0x79B0, 4
@ 0x79B4, 6
@ 0x79B8, 6
@ 0x79BC, 7
@ 0x79BE, 1
@ 0x79C0, 5
@ 0x79C4, 3
@ 0x79C8, 5
@ 0x79CC, 2
@ 0x79D0, 5
@ 0x79D4, 5
@ 0x79D8, 3
@ 0x79DC, 7
@ 0x79E0, 6
@ 0x79E2, 1
@ 0x79E4, 4
@ 0x79E8, 5
@ 0x79EC, 5
@ 0x79F0, 2
@ 0x79F4, 2
@ 0x79F8, 4
@ 0x79FC, 18
@ 0x7A00, 5
@ 0x7A04, 6
@ 0x7A06, 1
@ 0x7A08, 2
@ 0x7A0C, 5
@ 0x7A10, 6
@ 0x7A14, 6
@ 0x7A18, 3
@ 0x7A1A, 1
@ 0x7A1C, 4
@ 0x7A20, 7
@ 0x7A24, 7
@ 0x7A28, 4
@ 0x7A2A, 1
@ 0x7A2C, 3
@ 0x7A30, 6
@ 0x7A34, 6
@ 0x7A38, 1
@ 0x7A3C, 4
@ 0x7A40, 6
@ 0x7A42, 1
@ 0x7A44, 4
@ 0x7A48, 6
@ 0x7A4C, 8
@ 0x7A50, 4
@ 0x7A54, 3
@ 0x7A56, 1
@ 0x7A58, 6
@ 0x7A5C, 10
@ 0x7A60, 3
@ 0x7A64, 2
@ 0x7A68, 6
@ 0x7A6C, 7
@ 0x7A70, 5
@ 0x7A72, 2
@ 0x7A74, 6
@ 0x7A78, 4
@ 0x7A7C, 6
@ 0x7A80, 6
@ 0x7A84, 4
@ 0x7A88, 4
@ 0x7A8C, 6
@ 0x7A90, 4
@ 0x7A94, 3
@ 0x7A96, 1
@ 0x7A98, 2
@ 0x7A9C, 9
@ 0x7AA0, 3
@ 0x7AA2, 1
@ 0x7AA4, 9
@ 0x7AA8, 5
@ 0x7AAC, 5
@ 0x7AB0, 4
@ 0x7AB4, 2
@ 0x7AB8, 4
@ 0x7ABC, 6
@ 0x7AC0, 6
@ 0x7AC4, 5
@ 0x7AC8, 7
@ 0x7ACA, 1
@ 0x7ACC, 6
@ 0x7AD0, 8
@ 0x7AD4, 9
@ 0x7AD8, 2
@ 0x7ADC, 5
@ 0x7AE0, 8
@ 0x7AE4, 3
@ 0x7AE8, 7
@ 0x7AEC, 6
@ 0x7AEE, 1
@ 0x7AF0, 8
@ 0x7AF2, 1
@ 0x7AF4, 9
@ 0x7AF8, 6
@ 0x7AFC, 7
@ 0x7B00, 12
@ 0x7B04, 5
@ 0x7B08, 4
@ 0x7B0A, 1
@ 0x7B0C, 7
@ 0x7B0E, 88
@ 0x7B10, 9
@ 0x7B14, 6
@ 0x7B18, 2
@ 0x7B1C, 8
@ 0x7B20, 3
@ 0x7B24, 7
@ 0x7B26, 1
@ 0x7B28, 8
@ 0x7B2C, 4
@ 0x7B30, 7
@ 0x7B34, 4
@ 0x7B38, 10
@ 0x7B3C, 3
@ 0x7B40, 6
@ 0x7B44, 5
@ 0x7B48, 7
@ 0x7B4C, 3
@ 0x7B50, 7
@ 0x7B52, 1
@ 0x7B54, 6
@ 0x7B56, 1
@ 0x7B58, 3
@ 0x7B5C, 5
@ 0x7B60, 4
@ 0x7B64, 10
@ 0x7B68, 4
@ 0x7B6C, 11
@ 0x7B6E, 1
@ 0x7B70, 7
@ 0x7B74, 6
@ 0x7B78, 7
@ 0x7B7A, 2
@ 0x7B7C, 7
@ 0x7B80, 6
@ 0x7B84, 2
@ 0x7B88, 7
@ 0x7B8C, 188
@ 0x7B90, 5
@ 0x7B92, 1
@ 0x7B94, 6
@ 0x7B96, 1
@ 0x7B98, 6
@ 0x7B9C, 54
@ 0x7BA0, 8
@ 0x7BA4, 9
@ 0x7BA8, 9
@ 0x7BAC, 6
@ 0x7BB0, 9
@ 0x7BB4, 57
@ 0x7BB8, 9
@ 0x7BBC, 5
@ 0x7BBE, 1
@ 0x7BC4, 13
@ 0x7BC8, 8
@ 0x7BCA, 1
@ 0x7BCC, 10
@ 0x7BD0, 12
@ 0x7BD4, 8
@ 0x7BD6, 1
@ 0x7BD8, 4
@ 0x7BDA, 1
@ 0x7BDC, 3
@ 0x7BE0, 6
@ 0x7BE4, 4
@ 0x7BE6, 1
@ 0x7BE8, 4
@ 0x7BEC, 1
@ 0x7BEE, 1
@ 0x7BF0, 4
@ 0x7BF2, 1
@ 0x7BF4, 12
@ 0x7BF8, 9
@ 0x7BFC, 10
@ 0x7C00, 4
@ 0x7C04, 7
@ 0x7C08, 4
@ 0x7C0C, 8
@ 0x7C0E, 1
@ 0x7C10, 6
@ 0x7C12, 1
@ 0x7C14, 7
@ 0x7C18, 10
@ 0x7C1A, 1
@ 0x7C1C, 7
@ 0x7C20, 7
@ 0x7C24, 5
@ 0x7C28, 10
@ 0x7C2C, 4
@ 0x7C30, 2
@ 0x7C34, 6
@ 0x7C38, 11
@ 0x7C3C, 6
@ 0x7C40, 7
@ 0x7C44, 7
@ 0x7C48, 7
@ 0x7C4A, 1
@ 0x7C4C, 6
@ 0x7C50, 10
@ 0x7C52, 1
@ 0x7C54, 11
@ 0x7C58, 13
@ 0x7C5C, 5
@ 0x7C60, 7
@ 0x7C64, 6
@ 0x7C66, 2
@ 0x7C68, 10
@ 0x7C6C, 2
@ 0x7C70, 5
@ 0x7C74, 5
@ 0x7C78, 7
@ 0x7C7C, 5
@ 0x7C7E, 1
@ 0x7C80, 4
@ 0x7C84, 7
@ 0x7C88, 6
@ 0x7C8C, 6
@ 0x7C8E, 1
@ 0x7C90, 4
@ 0x7C94, 5
@ 0x7C98, 6
@ 0x7C9C, 4
@ 0x7CA0, 7
@ 0x7CA4, 6
@ 0x7CA6, 1
@ 0x7CA8, 8
@ 0x7CAC, 9
@ 0x7CB0, 5
@ 0x7CB4, 7
@ 0x7CB8, 3
@ 0x7CBC, 9
@ 0x7CC0, 4
@ 0x7CC4, 5
@ 0x7CC8, 8
@ 0x7CCC, 4
@ 0x7CD0, 7
@ 0x7CD2, 1
@ 0x7CD4, 8
@ 0x7CD6, 2
@ 0x7CD8, 8
@ 0x7CDC, 7
@ 0x7CE0, 5
@ 0x7CE2, 1
@ 0x7CE4, 6
@ 0x7CE8, 5
@ 0x7CEA, 1
@ 0x7CEC, 9
@ 0x7CF0, 9
@ 0x7CF4, 10
@ 0x7CF6, 1
@ 0x7CF8, 7
@ 0x7CFC, 10
@ 0x7D00, 8
@ 0x7D04, 8
@ 0x7D06, 2
@ 0x7D08, 10
@ 0x7D0C, 11
@ 0x7D10, 7
@ 0x7D12, 1
@ 0x7D14, 12
@ 0x7D16, 1
@ 0x7D18, 7
@ 0x7D1C, 7
@ 0x7D20, 6
@ 0x7D22, 1
@ 0x7D24, 8
@ 0x7D28, 4
@ 0x7D2C, 5
@ 0x7D30, 7
@ 0x7D34, 8
@ 0x7D36, 1
@ 0x7D38, 10
@ 0x7D3C, 3
@ 0x7D40, 12
@ 0x7D42, 1
@ 0x7D44, 8
@ 0x7D48, 11
@ 0x7D4C, 8
@ 0x7D50, 14
@ 0x7D54, 11
@ 0x7D58, 8
@ 0x7D5A, 1
@ 0x7D5C, 5
@ 0x7D5E, 1
@ 0x7D60, 13
@ 0x7D62, 1
@ 0x7D64, 14
@ 0x7D68, 5
@ 0x7D6A, 1
@ 0x7D6C, 16
@ 0x7D70, 14
@ 0x7D74, 9
@ 0x7D78, 5
@ 0x7D7A, 1
@ 0x7D7C, 6
@ 0x7D80, 10
@ 0x7D84, 9
@ 0x7D88, 9
@ 0x7D8C, 5
@ 0x7D90, 13
@ 0x7D94, 13
@ 0x7D98, 7
@ 0x7D9C, 9
@ 0x7DA0, 3
@ 0x7DA4, 11
@ 0x7DA8, 8
@ 0x7DAC, 17
@ 0x7DB0, 6
@ 0x7DB4, 15
@ 0x7DB6, 1
@ 0x7DB8, 9
@ 0x7DBC, 10
@ 0x7DBE, 1
@ 0x7DC0, 11
@ 0x7DC4, 6
@ 0x7DC8, 6
@ 0x7DCA, 1
@ 0x7DCC, 10
@ 0x7DD0, 5
@ 0x7DD4, 8
@ 0x7DD8, 7
@ 0x7DDC, 9
@ 0x7DE0, 6
@ 0x7DE4, 7
@ 0x7DE8, 8
@ 0x7DEC, 10
@ 0x7DF0, 15
@ 0x7DF4, 9
@ 0x7DF8, 7
@ 0x7DFC, 14
@ 0x7E00, 7
@ 0x7E04, 7
@ 0x7E08, 18
@ 0x7E0C, 10
@ 0x7E10, 16
@ 0x7E14, 3
@ 0x7E18, 12
@ 0x7E1A, 1
@ 0x7E1C, 10
@ 0x7E20, 7
@ 0x7E22, 1
@ 0x7E24, 7
@ 0x7E28, 12
@ 0x7E2C, 7
@ 0x7E30, 14
@ 0x7E32, 1
@ 0x7E34, 8
@ 0x7E38, 7
@ 0x7E3C, 18
@ 0x7E40, 10
@ 0x7E44, 9
@ 0x7E48, 11
@ 0x7E4C, 8
@ 0x7E50, 9
@ 0x7E54, 8
@ 0x7E58, 10
@ 0x7E5C, 11
@ 0x7E60, 4
@ 0x7E64, 12
@ 0x7E66, 1
@ 0x7E68, 11
@ 0x7E6C, 16
@ 0x7E70, 9
@ 0x7E72, 1
@ 0x7E74, 10
@ 0x7E78, 9
@ 0x7E7C, 15
@ 0x7E80, 11
@ 0x7E84, 6
@ 0x7E88, 9
@ 0x7E8C, 10
@ 0x7E90, 9
@ 0x7E94, 12
@ 0x7E98, 6
@ 0x7E9C, 8
@ 0x7E9E, 1
@ 0x7EA0, 8
@ 0x7EA4, 12
@ 0x7EA8, 14
@ 0x7EAC, 3
@ 0x7EB0, 9
@ 0x7EB2, 1
@ 0x7EB4, 12
@ 0x7EB8, 4
@ 0x7EBC, 11
@ 0x7EC0, 12
@ 0x7EC4, 13
@ 0x7EC6, 1
@ 0x7EC8, 10
@ 0x7ECC, 8
@ 0x7ED0, 7
@ 0x7ED4, 13
@ 0x7ED8, 16
@ 0x7EDC, 3
@ 0x7EE0, 15
@ 0x7EE4, 6
@ 0x7EE8, 11
@ 0x7EEC, 13
@ 0x7EF0, 6
@ 0x7EF4, 11
@ 0x7EF8, 9
@ 0x7EFA, 1
@ 0x7EFC, 10
@ 0x7F00, 8
@ 0x7F04, 9
@ 0x7F08, 16
@ 0x7F0C, 10
@ 0x7F10, 9
@ 0x7F14, 13
@ 0x7F18, 14
@ 0x7F1C, 17
@ 0x7F20, 10
@ 0x7F22, 1
@ 0x7F24, 9
@ 0x7F28, 8
@ 0x7F2C, 6
@ 0x7F30, 11
@ 0x7F34, 7
@ 0x7F38, 13
@ 0x7F3C, 15
@ 0x7F40, 6
@ 0x7F44, 16
@ 0x7F48, 10
@ 0x7F4A, 1
@ 0x7F4C, 13
@ 0x7F50, 8
@ 0x7F52, 1
@ 0x7F54, 15
@ 0x7F56, 1
@ 0x7F58, 13
@ 0x7F5C, 16
@ 0x7F60, 10
@ 0x7F64, 18
@ 0x7F68, 9
@ 0x7F6A, 1
@ 0x7F6C, 12
@ 0x7F70, 7
@ 0x7F74, 16
@ 0x7F78, 9
@ 0x7F7C, 11
@ 0x7F7E, 1
@ 0x7F80, 10
@ 0x7F84, 10
@ 0x7F88, 16
@ 0x7F8A, 1
@ 0x7F8C, 13
@ 0x7F90, 12
@ 0x7F94, 20
@ 0x7F98, 12
@ 0x7F9C, 13
@ 0x7F9E, 1
@ 0x7FA0, 12
@ 0x7FA2, 1
@ 0x7FA4, 13
@ 0x7FA6, 1
@ 0x7FA8, 13
@ 0x7FAC, 13
@ 0x7FB0, 16
@ 0x7FB2, 1
@ 0x7FB4, 13
@ 0x7FB8, 13
@ 0x7FBC, 14
@ 0x7FBE, 2
@ 0x7FC0, 9
@ 0x7FC4, 14
@ 0x7FC8, 12
@ 0x7FCC, 14
@ 0x7FD0, 8
@ 0x7FD4, 16
@ 0x7FD8, 9
@ 0x7FDC, 6
@ 0x7FE0, 8
@ 0x7FE4, 9
@ 0x7FE8, 13
@ 0x7FEC, 8
@ 0x7FF0, 22
@ 0x7FF4, 8
@ 0x7FF8, 13
@ 0x7FFC, 13
@ 0x8000, 17
@ 0x8004, 12
@ 0x8008, 13
@ 0x800C, 6
@ 0x8010, 16
@ 0x8014, 16
@ 0x8018, 20
@ 0x801C, 14
@ 0x8020, 15
@ 0x8022, 1
@ 0x8024, 17
@ 0x8028, 10
@ 0x802C, 10
@ 0x802E, 1
@ 0x8030, 16
@ 0x8034, 16
@ 0x8038, 13
@ 0x803A, 1
@ 0x803C, 10
@ 0x8040, 7
@ 0x8044, 8
@ 0x8048, 11
@ 0x804C, 8
@ 0x8050, 9
@ 0x8054, 11
@ 0x8058, 13
@ 0x805C, 10
@ 0x8060, 10
@ 0x8064, 8
@ 0x8068, 10
@ 0x806C, 9
@ 0x8070, 12
@ 0x8074, 14
@ 0x8078, 12
@ 0x807A, 1
@ 0x807C, 20
@ 0x8080, 19
@ 0x8082, 1
@ 0x8084, 21
@ 0x8088, 13
@ 0x808C, 12
@ 0x808E, 1
@ 0x8090, 17
@ 0x8094, 7
@ 0x8098, 13
@ 0x809C, 15
@ 0x809E, 1
@ 0x80A0, 7
@ 0x80A4, 10
@ 0x80A8, 10
@ 0x80AA, 1
@ 0x80AC, 13
@ 0x80B0, 12
@ 0x80B4, 12
@ 0x80B8, 14
@ 0x80BC, 9
@ 0x80C0, 10
@ 0x80C2, 1
@ 0x80C4, 10
@ 0x80C8, 8
@ 0x80CC, 13
@ 0x80D0, 14
@ 0x80D2, 1
@ 0x80D4, 13
@ 0x80D8, 13
@ 0x80DC, 11
@ 0x80DE, 1
@ 0x80E0, 17
@ 0x80E2, 1
@ 0x80E4, 15
@ 0x80E6, 1
@ 0x80E8, 13
@ 0x80EC, 11
@ 0x80F0, 11
@ 0x80F4, 10
@ 0x80F8, 11
@ 0x80FC, 12
@ 0x8100, 11
@ 0x8102, 1
@ 0x8104, 10
@ 0x8108, 14
@ 0x810C, 17
@ 0x810E, 1
@ 0x8110, 10
@ 0x8114, 5
@ 0x8118, 8
@ 0x811C, 17
@ 0x8120, 12
@ 0x8124, 7
@ 0x8126, 1
@ 0x8128, 15
@ 0x812A, 1
@ 0x812C, 18
@ 0x8130, 10
@ 0x8134, 16
@ 0x8138, 16
@ 0x813C, 9
@ 0x8140, 17
@ 0x8142, 2
@ 0x8144, 13
@ 0x8148, 11
@ 0x814C, 10
@ 0x8150, 24
@ 0x8152, 1
@ 0x8154, 16
@ 0x8158, 11
@ 0x815C, 14
@ 0x8160, 18
@ 0x8164, 14
@ 0x8166, 2
@ 0x8168, 13
@ 0x816C, 17
@ 0x8170, 16
@ 0x8174, 19
@ 0x8176, 1
@ 0x8178, 13
@ 0x817C, 14
@ 0x817E, 2
@ 0x8180, 18
@ 0x8182, 2
@ 0x8184, 10
@ 0x8186, 1
@ 0x8188, 17
@ 0x818A, 1
@ 0x818C, 22
@ 0x818E, 1
@ 0x8190, 15
@ 0x8192, 1
@ 0x8194, 10
@ 0x8198, 17
@ 0x819C, 17
@ 0x81A0, 13
@ 0x81A4, 16
@ 0x81A8, 20
@ 0x81AC, 17
@ 0x81B0, 14
@ 0x81B2, 1
@ 0x81B4, 19
@ 0x81B6, 1
@ 0x81B8, 16
@ 0x81BC, 17
@ 0x81C0, 19
@ 0x81C4, 19
@ 0x81C8, 19
@ 0x81CC, 20
@ 0x81D0, 20
@ 0x81D4, 16
@ 0x81D8, 14
@ 0x81DC, 22
@ 0x81E0, 16
@ 0x81E4, 9
@ 0x81E8, 17
@ 0x81EC, 18
@ 0x81EE, 1
@ 0x81F0, 18
@ 0x81F4, 16
@ 0x81F8, 25
@ 0x81FA, 1
@ 0x81FC, 14
@ 0x81FE, 2
@ 0x8200, 18
@ 0x8204, 18
@ 0x8208, 18
@ 0x820C, 18
@ 0x8210, 21
@ 0x8214, 7
@ 0x8218, 24
@ 0x821C, 20
@ 0x8220, 13
@ 0x8224, 28
@ 0x8228, 20
@ 0x822A, 1
@ 0x822C, 19
@ 0x822E, 1
@ 0x8230, 26
@ 0x8234, 20
@ 0x8238, 22
@ 0x823C, 23
@ 0x8240, 20
@ 0x8244, 28
@ 0x8246, 1
@ 0x8248, 28
@ 0x824C, 28
@ 0x824E, 1
@ 0x8250, 26
@ 0x8254, 22
@ 0x8258, 19
@ 0x825C, 21
@ 0x825E, 1
@ 0x8260, 28
@ 0x8264, 18
@ 0x8266, 1
@ 0x8268, 35
@ 0x826C, 12
@ 0x826E, 1
@ 0x8270, 27
@ 0x8274, 19
@ 0x8278, 18
@ 0x827A, 1
@ 0x827C, 16
@ 0x8280, 19
@ 0x8284, 20
@ 0x8288, 18
@ 0x828C, 23
@ 0x8290, 19
@ 0x8292, 2
@ 0x8294, 22
@ 0x8298, 22
@ 0x829C, 22
@ 0x829E, 1
@ 0x82A0, 38
@ 0x82A2, 1
@ 0x82A4, 18
@ 0x82A8, 18
@ 0x82AC, 20
@ 0x82B0, 25
@ 0x82B4, 24
@ 0x82B6, 2
@ 0x82B8, 19
@ 0x82BC, 22
@ 0x82BE, 1
@ 0x82C0, 24
@ 0x82C4, 32
@ 0x82C8, 27
@ 0x82CC, 25
@ 0x82D0, 32
@ 0x82D4, 16
@ 0x82D8, 33
@ 0x82DC, 30
@ 0x82DE, 2
@ 0x82E0, 26
@ 0x82E2, 1
@ 0x82E4, 21
@ 0x82E8, 30
@ 0x82EC, 31
@ 0x82F0, 30
@ 0x82F4, 21
@ 0x82F8, 25
@ 0x82FA, 1
@ 0x82FC, 23
@ 0x8300, 20
@ 0x8302, 1
@ 0x8304, 33
@ 0x8308, 25
@ 0x830C, 18
@ 0x8310, 30
@ 0x8312, 1
@ 0x8314, 23
@ 0x8318, 30
@ 0x831C, 17
@ 0x8320, 31
@ 0x8324, 21
@ 0x8328, 23
@ 0x832C, 13
@ 0x8330, 25
@ 0x8334, 25
@ 0x8338, 24
@ 0x833A, 1
@ 0x833C, 17
@ 0x8340, 28
@ 0x8344, 30
@ 0x8348, 28
@ 0x834A, 1
@ 0x834C, 25
@ 0x8350, 29
@ 0x8352, 1
@ 0x8354, 29
@ 0x8356, 2
@ 0x8358, 19
@ 0x835A, 1
@ 0x835C, 25
@ 0x835E, 1
@ 0x8360, 19
@ 0x8364, 28
@ 0x8368, 29
@ 0x836C, 35
@ 0x8370, 25
@ 0x8372, 1
@ 0x8374, 24
@ 0x8378, 27
@ 0x837A, 1
@ 0x837C, 22
@ 0x837E, 1
@ 0x8380, 33
@ 0x8382, 1
@ 0x8384, 23
@ 0x8388, 28
@ 0x838C, 29
@ 0x8390, 25
@ 0x8394, 25
@ 0x8398, 26
@ 0x839C, 26
@ 0x839E, 2
@ 0x83A0, 23
@ 0x83A4, 30
@ 0x83A6, 1
@ 0x83A8, 23
@ 0x83AC, 24
@ 0x83B0, 26
@ 0x83B4, 12
@ 0x83B6, 1
@ 0x83B8, 30
@ 0x83BC, 27
@ 0x83C0, 27
@ 0x83C2, 1
@ 0x83C4, 26
@ 0x83C6, 1
@ 0x83C8, 24
@ 0x83CA, 1
@ 0x83CC, 27
@ 0x83D0, 19
@ 0x83D4, 32
@ 0x83D6, 2
@ 0x83D8, 36
@ 0x83DA, 1
@ 0x83DC, 28
@ 0x83DE, 1
@ 0x83E0, 33
@ 0x83E4, 33
@ 0x83E8, 28
@ 0x83EC, 24
@ 0x83F0, 37
@ 0x83F4, 23
@ 0x83F6, 2
@ 0x83F8, 29
@ 0x83FC, 33
@ 0x83FE, 1
@ 0x8400, 28
@ 0x8404, 25
@ 0x8406, 1
@ 0x8408, 27
@ 0x840A, 1
@ 0x840C, 24
@ 0x8410, 40
@ 0x8412, 2
@ 0x8414, 21
@ 0x8418, 17
@ 0x841C, 23
@ 0x841E, 1
@ 0x8420, 25
@ 0x8424, 29
@ 0x8426, 2
@ 0x8428, 44
@ 0x842C, 25
@ 0x8430, 28
@ 0x8432, 1
@ 0x8434, 28
@ 0x8436, 2
@ 0x8438, 29
@ 0x843C, 31
@ 0x843E, 1
@ 0x8440, 28
@ 0x8444, 29
@ 0x8448, 23
@ 0x844C, 20
@ 0x8450, 24
@ 0x8454, 34
@ 0x8456, 1
@ 0x8458, 23
@ 0x845A, 1
@ 0x845C, 32
@ 0x8460, 29
@ 0x8462, 1
@ 0x8464, 25
@ 0x8468, 20
@ 0x846C, 25
@ 0x8470, 35
@ 0x8474, 25
@ 0x8476, 1
@ 0x8478, 27
@ 0x847A, 2
@ 0x847C, 29
@ 0x8480, 29
@ 0x8484, 21
@ 0x8488, 28
@ 0x848A, 1
@ 0x848C, 28
@ 0x8490, 36
@ 0x8494, 29
@ 0x8498, 37
@ 0x849A, 1
@ 0x849C, 35
@ 0x849E, 1
@ 0x84A0, 30
@ 0x84A2, 1
@ 0x84A4, 25
@ 0x84A8, 27
@ 0x84AC, 29
@ 0x84B0, 25
@ 0x84B2, 1
@ 0x84B4, 29
@ 0x84B6, 1
@ 0x84B8, 26
@ 0x84BA, 1
@ 0x84BC, 24
@ 0x84C0, 31
@ 0x84C4, 41
@ 0x84C6, 1
@ 0x84C8, 30
@ 0x84CC, 33
@ 0x84D0, 28
@ 0x84D2, 1
@ 0x84D4, 29
@ 0x84D8, 27
@ 0x84DA, 1
@ 0x84DC, 25
@ 0x84DE, 2
@ 0x84E0, 33
@ 0x84E4, 32
@ 0x84E8, 38
@ 0x84EA, 1
@ 0x84EC, 35
@ 0x84EE, 1
@ 0x84F0, 37
@ 0x84F4, 29
@ 0x84F6, 2
@ 0x84F8, 26
@ 0x84FC, 29
@ 0x8500, 34
@ 0x8502, 2
@ 0x8504, 35
@ 0x8506, 1
@ 0x8508, 30
@ 0x850A, 2
@ 0x850C, 31
@ 0x850E, 1
@ 0x8510, 33
@ 0x8512, 1
@ 0x8514, 25
@ 0x8516, 2
@ 0x8518, 30
@ 0x851C, 34
@ 0x851E, 1
@ 0x8520, 30
@ 0x8522, 1
@ 0x8524, 35
@ 0x8528, 28
@ 0x852A, 1
@ 0x852C, 25
@ 0x8530, 29
@ 0x8534, 39
@ 0x8536, 1
@ 0x8538, 35
@ 0x853C, 35
@ 0x853E, 2
@ 0x8540, 30
@ 0x8544, 27
@ 0x8548, 32
@ 0x854A, 2
@ 0x854C, 20
@ 0x8550, 21
@ 0x8552, 1
@ 0x8554, 28
@ 0x8556, 2
@ 0x8558, 28
@ 0x855C, 31
@ 0x855E, 2
@ 0x8560, 38
@ 0x8564, 24
@ 0x8566, 2
@ 0x8568, 38
@ 0x856C, 28
@ 0x856E, 1
@ 0x8570, 41
@ 0x8574, 39
@ 0x8578, 34
@ 0x857C, 33
@ 0x857E, 1
@ 0x8580, 31
@ 0x8584, 20
@ 0x8586, 1
@ 0x8588, 32
@ 0x858A, 3
@ 0x858C, 37
@ 0x8590, 32
@ 0x8594, 40
@ 0x8596, 1
@ 0x8598, 34
@ 0x859C, 23
@ 0x859E, 3
@ 0x85A0, 34
@ 0x85A2, 1
@ 0x85A4, 37
@ 0x85A8, 23
@ 0x85AA, 1
@ 0x85AC, 25
@ 0x85AE, 1
@ 0x85B0, 36
@ 0x85B4, 26
@ 0x85B8, 32
@ 0x85BA, 2
@ 0x85BC, 30
@ 0x85C0, 31
@ 0x85C2, 1
@ 0x85C4, 36
@ 0x85C6, 3
@ 0x85C8, 32
@ 0x85CA, 1
@ 0x85CC, 30
@ 0x85CE, 1
@ 0x85D0, 28
@ 0x85D4, 37
@ 0x85D6, 2
@ 0x85D8, 29
@ 0x85DC, 46
@ 0x85E0, 33
@ 0x85E2, 2
@ 0x85E4, 35
@ 0x85E6, 1
@ 0x85E8, 24
@ 0x85EA, 2
@ 0x85EC, 32
@ 0x85EE, 1
@ 0x85F0, 35
@ 0x85F4, 31
@ 0x85F6, 1
@ 0x85F8, 37
@ 0x85FC, 43
@ 0x85FE, 1
@ 0x8600, 31
@ 0x8604, 40
@ 0x8606, 1
@ 0x8608, 34
@ 0x860C, 35
@ 0x8610, 38
@ 0x8614, 30
@ 0x8616, 1
@ 0x8618, 40
@ 0x861C, 32
@ 0x861E, 1
@ 0x8620, 39
@ 0x8622, 3
@ 0x8624, 38
@ 0x8628, 29
@ 0x862C, 27
@ 0x8630, 26
@ 0x8632, 1
@ 0x8634, 27
@ 0x8636, 1
@ 0x8638, 32
@ 0x863C, 27
@ 0x863E, 1
@ 0x8640, 34
@ 0x8642, 1
@ 0x8644, 37
@ 0x8646, 1
@ 0x8648, 28
@ 0x864A, 3
@ 0x864C, 27
@ 0x8650, 46
@ 0x8654, 39
@ 0x8658, 28
@ 0x865A, 2
@ 0x865C, 26
@ 0x8660, 40
@ 0x8662, 1
@ 0x8664, 29
@ 0x8668, 44
@ 0x866A, 1
@ 0x866C, 34
@ 0x8670, 25
@ 0x8674, 38
@ 0x8676, 2
@ 0x8678, 30
@ 0x867A, 2
@ 0x867C, 39
@ 0x867E, 1
@ 0x8680, 29
@ 0x8682, 1
@ 0x8684, 30
@ 0x8688, 35
@ 0x868C, 35
@ 0x868E, 1
@ 0x8690, 33
@ 0x8694, 27
@ 0x8698, 46
@ 0x869C, 35
@ 0x86A0, 37
@ 0x86A2, 1
@ 0x86A4, 22
@ 0x86A8, 32
@ 0x86AC, 33
@ 0x86B0, 44
@ 0x86B2, 1
@ 0x86B4, 30
@ 0x86B6, 1
@ 0x86B8, 32
@ 0x86BC, 27
@ 0x86BE, 1
@ 0x86C0, 27
@ 0x86C1, 1
@ 0x86C2, 1
@ 0x86C4, 29
@ 0x86C6, 1
@ 0x86C8, 28
@ 0x86CC, 41
@ 0x86D0, 28
@ 0x86D2, 1
@ 0x86D4, 28
@ 0x86D6, 2
@ 0x86D8, 24
@ 0x86DC, 34
@ 0x86DE, 1
@ 0x86E0, 24
@ 0x86E2, 1
@ 0x86E4, 40
@ 0x86E8, 34
@ 0x86EA, 3
@ 0x86EC, 32
@ 0x86EE, 1
@ 0x86F0, 35
@ 0x86F4, 29
@ 0x86F8, 34
@ 0x86FA, 1
@ 0x86FC, 25
@ 0x8700, 32
@ 0x8704, 37
@ 0x8708, 32
@ 0x870A, 2
@ 0x870C, 31
@ 0x8710, 26
@ 0x8714, 34
@ 0x8718, 29
@ 0x871A, 1
@ 0x871C, 36
@ 0x871E, 1
@ 0x8720, 32
@ 0x8722, 1
@ 0x8724, 49
@ 0x8728, 29
@ 0x872A, 1
@ 0x872C, 27
@ 0x8730, 49
@ 0x8734, 33
@ 0x8738, 40
@ 0x873A, 2
@ 0x873C, 32
@ 0x873E, 1
@ 0x8740, 43
@ 0x8744, 33
@ 0x8746, 2
@ 0x8748, 26
@ 0x874C, 36
@ 0x874E, 1
@ 0x8750, 30
@ 0x8754, 24
@ 0x8756, 1
@ 0x8758, 39
@ 0x875C, 36
@ 0x875E, 2
@ 0x8760, 37
@ 0x8762, 2
@ 0x8764, 35
@ 0x8768, 31
@ 0x876A, 1
@ 0x876C, 35
@ 0x876E, 3
@ 0x8770, 35
@ 0x8774, 30
@ 0x8778, 36
@ 0x877C, 38
@ 0x8780, 29
@ 0x8782, 1
@ 0x8784, 33
@ 0x8786, 2
@ 0x8788, 42
@ 0x878C, 41
@ 0x878E, 1
@ 0x8790, 33
@ 0x8792, 1
@ 0x8794, 25
@ 0x8798, 48
@ 0x879C, 42
@ 0x879E, 4
@ 0x87A0, 34
@ 0x87A4, 28
@ 0x87A8, 27
@ 0x87AC, 30
@ 0x87AE, 1
@ 0x87B0, 42
@ 0x87B2, 2
@ 0x87B4, 34
@ 0x87B6, 1
@ 0x87B8, 35
@ 0x87BA, 1
@ 0x87BC, 47
@ 0x87C0, 38
@ 0x87C2, 3
@ 0x87C4, 29
@ 0x87C8, 35
@ 0x87CA, 1
@ 0x87CC, 25
@ 0x87D0, 37
@ 0x87D4, 44
@ 0x87D8, 43
@ 0x87DA, 2
@ 0x87DC, 32
@ 0x87E0, 43
@ 0x87E4, 29
@ 0x87E8, 40
@ 0x87EA, 2
@ 0x87EC, 32
@ 0x87EE, 1
@ 0x87F0, 28
@ 0x87F4, 36
@ 0x87F6, 2
@ 0x87F8, 37
@ 0x87FC, 33
@ 0x87FE, 1
@ 0x8800, 32
@ 0x8802, 1
@ 0x8804, 45
@ 0x8808, 29
@ 0x880C, 38
@ 0x880E, 1
@ 0x8810, 32
@ 0x8812, 1
@ 0x8814, 39
@ 0x8816, 3
@ 0x8818, 31
@ 0x881A, 1
@ 0x881C, 36
@ 0x8820, 32
@ 0x8822, 1
@ 0x8824, 49
@ 0x8828, 43
@ 0x882C, 34
@ 0x8830, 20
@ 0x8832, 1
@ 0x8834, 30
@ 0x8836, 1
@ 0x8838, 36
@ 0x883A, 2
@ 0x883C, 44
@ 0x883E, 1
@ 0x8840, 52
@ 0x8844, 32
@ 0x8846, 1
@ 0x8848, 40
@ 0x884C, 35
@ 0x8850, 35
@ 0x8854, 42
@ 0x8856, 1
@ 0x8858, 39
@ 0x885C, 41
@ 0x885E, 4
@ 0x8860, 35
@ 0x8862, 1
@ 0x8864, 37
@ 0x8866, 1
@ 0x8868, 37
@ 0x886A, 1
@ 0x886C, 36
@ 0x886E, 1
@ 0x8870, 40
@ 0x8874, 48
@ 0x8876, 1
@ 0x8878, 29
@ 0x887A, 1
@ 0x887C, 56
@ 0x887E, 2
@ 0x8880, 34
@ 0x8882, 2
@ 0x8884, 37
@ 0x8888, 43
@ 0x888A, 1
@ 0x888C, 39
@ 0x888E, 2
@ 0x8890, 31
@ 0x8892, 3
@ 0x8894, 41
@ 0x8896, 1
@ 0x8898, 44
@ 0x889A, 2
@ 0x889C, 33
@ 0x889E, 1
@ 0x88A0, 38
@ 0x88A2, 1
@ 0x88A4, 36
@ 0x88A6, 2
@ 0x88A8, 40
@ 0x88AC, 30
@ 0x88B0, 28
@ 0x88B2, 2
@ 0x88B4, 44
@ 0x88B8, 34
@ 0x88BA, 1
@ 0x88BC, 49
@ 0x88C0, 44
@ 0x88C2, 1
@ 0x88C4, 43
@ 0x88C8, 45
@ 0x88CA, 1
@ 0x88CC, 39
@ 0x88D0, 36
@ 0x88D2, 1
@ 0x88D4, 40
@ 0x88D8, 42
@ 0x88DC, 47
@ 0x88E0, 43
@ 0x88E2, 2
@ 0x88E4, 39
@ 0x88E6, 1
@ 0x88E8, 39
@ 0x88EA, 1
@ 0x88EC, 33
@ 0x88F0, 40
@ 0x88F4, 44
@ 0x88F6, 1
@ 0x88F8, 34
@ 0x88FA, 1
@ 0x88FC, 51
@ 0x8900, 47
@ 0x8902, 2
@ 0x8904, 34
@ 0x8908, 29
@ 0x890A, 2
@ 0x890C, 40
@ 0x890E, 1
@ 0x8910, 32
@ 0x8912, 1
@ 0x8914, 34
@ 0x8916, 3
@ 0x8918, 35
@ 0x891A, 1
@ 0x891C, 49
@ 0x891E, 2
@ 0x8920, 34
@ 0x8922, 3
@ 0x8924, 32
@ 0x8928, 40
@ 0x892C, 34
@ 0x8930, 47
@ 0x8932, 1
@ 0x8934, 40
@ 0x8938, 31
@ 0x893C, 32
@ 0x8940, 38
@ 0x8942, 3
@ 0x8944, 43
@ 0x8946, 1
@ 0x8948, 50
@ 0x894A, 2
@ 0x894C, 46
@ 0x8950, 35
@ 0x8952, 1
@ 0x8954, 33
@ 0x8958, 43
@ 0x895A, 1
@ 0x895C, 41
@ 0x8960, 44
@ 0x8964, 41
@ 0x8966, 1
@ 0x8968, 41
@ 0x896C, 29
@ 0x896E, 1
@ 0x8970, 47
@ 0x8972, 3
@ 0x8974, 42
@ 0x8978, 29
@ 0x897A, 1
@ 0x897C, 35
@ 0x8980, 29
@ 0x8984, 38
@ 0x8986, 3
@ 0x8988, 35
@ 0x898A, 2
@ 0x898C, 39
@ 0x8990, 41
@ 0x8994, 44
@ 0x8996, 1
@ 0x8998, 35
@ 0x899A, 1
@ 0x899C, 38
@ 0x89A0, 31
@ 0x89A2, 1
@ 0x89A4, 34
@ 0x89A6, 2
@ 0x89A8, 47
@ 0x89AA, 1
@ 0x89AC, 35
@ 0x89AE, 4
@ 0x89B0, 46
@ 0x89B4, 32
@ 0x89B6, 2
@ 0x89B8, 38
@ 0x89BC, 47
@ 0x89BE, 3
@ 0x89C0, 37
@ 0x89C4, 43
@ 0x89C8, 37
@ 0x89CA, 2
@ 0x89CC, 35
@ 0x89CE, 2
@ 0x89D0, 46
@ 0x89D2, 2
@ 0x89D4, 44
@ 0x89D6, 1
@ 0x89D8, 26
@ 0x89DA, 1
@ 0x89DC, 38
@ 0x89DE, 1
@ 0x89E0, 31
@ 0x89E4, 48
@ 0x89E6, 1
@ 0x89E8, 36
@ 0x89EC, 48
@ 0x89EE, 2
@ 0x89F0, 37
@ 0x89F4, 43
@ 0x89F8, 29
@ 0x89FC, 30
@ 0x8A00, 36
@ 0x8A02, 1
@ 0x8A04, 50
@ 0x8A08, 36
@ 0x8A0C, 36
@ 0x8A0E, 2
@ 0x8A10, 34
@ 0x8A12, 4
@ 0x8A14, 43
@ 0x8A18, 35
@ 0x8A1A, 1
@ 0x8A1C, 46
@ 0x8A1E, 1
@ 0x8A20, 39
@ 0x8A22, 1
@ 0x8A24, 45
@ 0x8A28, 30
@ 0x8A2A, 1
@ 0x8A2C, 38
@ 0x8A30, 36
@ 0x8A32, 1
@ 0x8A34, 40
@ 0x8A38, 33
@ 0x8A3A, 1
@ 0x8A3C, 42
@ 0x8A3E, 3
@ 0x8A40, 35
@ 0x8A42, 1
@ 0x8A44, 43
@ 0x8A48, 45
@ 0x8A4A, 1
@ 0x8A4C, 36
@ 0x8A4E, 1
@ 0x8A50, 27
@ 0x8A54, 41
@ 0x8A58, 51
@ 0x8A5A, 1
@ 0x8A5C, 36
@ 0x8A5E, 1
@ 0x8A60, 29
@ 0x8A64, 32
@ 0x8A66, 2
@ 0x8A68, 43
@ 0x8A6A, 1
@ 0x8A6C, 35
@ 0x8A70, 43
@ 0x8A72, 3
@ 0x8A74, 37
@ 0x8A78, 35
@ 0x8A7A, 1
@ 0x8A7C, 35
@ 0x8A80, 48
@ 0x8A84, 40
@ 0x8A86, 1
@ 0x8A88, 45
@ 0x8A8C, 50
@ 0x8A90, 41
@ 0x8A92, 1
@ 0x8A94, 42
@ 0x8A96, 2
@ 0x8A98, 42
@ 0x8A9A, 3
@ 0x8A9C, 40
@ 0x8A9E, 1
@ 0x8AA0, 32
@ 0x8AA4, 39
@ 0x8AA8, 31
@ 0x8AAA, 2
@ 0x8AAC, 34
@ 0x8AB0, 45
@ 0x8AB4, 45
@ 0x8AB6, 6
@ 0x8AB8, 44
@ 0x8ABA, 2
@ 0x8ABC, 39
@ 0x8ABE, 1
@ 0x8AC0, 45
@ 0x8AC2, 2
@ 0x8AC4, 38
@ 0x8AC6, 1
@ 0x8AC8, 27
@ 0x8ACA, 1
@ 0x8ACC, 40
@ 0x8ACE, 2
@ 0x8AD0, 44
@ 0x8AD4, 48
@ 0x8AD8, 46
@ 0x8ADC, 34
@ 0x8AE0, 43
@ 0x8AE4, 37
@ 0x8AE6, 2
@ 0x8AE8, 29
@ 0x8AEA, 1
@ 0x8AEC, 37
@ 0x8AEE, 3
@ 0x8AF0, 28
@ 0x8AF4, 48
@ 0x8AF8, 27
@ 0x8AFA, 1
@ 0x8AFC, 35
@ 0x8AFE, 1
@ 0x8B00, 36
@ 0x8B02, 1
@ 0x8B04, 51
@ 0x8B06, 2
@ 0x8B08, 30
@ 0x8B0A, 1
@ 0x8B0C, 36
@ 0x8B0E, 2
@ 0x8B10, 34
@ 0x8B12, 2
@ 0x8B14, 38
@ 0x8B18, 38
@ 0x8B1C, 29
@ 0x8B1E, 1
@ 0x8B20, 37
@ 0x8B22, 3
@ 0x8B24, 38
@ 0x8B28, 36
@ 0x8B2A, 2
@ 0x8B2C, 35
@ 0x8B2E, 2
@ 0x8B30, 31
@ 0x8B34, 37
@ 0x8B38, 33
@ 0x8B3C, 32
@ 0x8B40, 41
@ 0x8B42, 2
@ 0x8B44, 38
@ 0x8B46, 2
@ 0x8B48, 38
@ 0x8B4A, 3
@ 0x8B4C, 44
@ 0x8B4E, 1
@ 0x8B50, 35
@ 0x8B52, 1
@ 0x8B54, 46
@ 0x8B56, 2
@ 0x8B58, 35
@ 0x8B5A, 2
@ 0x8B5C, 36
@ 0x8B60, 26
@ 0x8B62, 1
@ 0x8B64, 35
@ 0x8B66, 1
@ 0x8B68, 38
@ 0x8B6C, 39
@ 0x8B6E, 3
@ 0x8B70, 45
@ 0x8B74, 32
@ 0x8B76, 2
@ 0x8B78, 37
@ 0x8B7C, 26
@ 0x8B7E, 2
@ 0x8B80, 38
@ 0x8B84, 34
@ 0x8B88, 30
@ 0x8B8A, 1
@ 0x8B8C, 37
@ 0x8B90, 37
@ 0x8B94, 31
@ 0x8B98, 34
@ 0x8B9A, 1
@ 0x8B9C, 35
@ 0x8BA0, 33
@ 0x8BA4, 39
@ 0x8BA8, 37
@ 0x8BAC, 40
@ 0x8BAE, 1
@ 0x8BB0, 22
@ 0x8BB4, 32
@ 0x8BB6, 2
@ 0x8BB8, 30
@ 0x8BBA, 1
@ 0x8BBC, 28
@ 0x8BBE, 1
@ 0x8BC0, 30
@ 0x8BC2, 2
@ 0x8BC4, 32
@ 0x8BC8, 33
@ 0x8BCC, 27
@ 0x8BD0, 35
@ 0x8BD4, 32
@ 0x8BD8, 36
@ 0x8BDA, 1
@ 0x8BDC, 29
@ 0x8BDE, 1
@ 0x8BE0, 46
@ 0x8BE2, 2
@ 0x8BE4, 28
@ 0x8BE8, 47
@ 0x8BEC, 36
@ 0x8BF0, 29
@ 0x8BF4, 30
@ 0x8BF8, 34
@ 0x8BFA, 1
@ 0x8BFC, 32
@ 0x8BFE, 1
@ 0x8C00, 31
@ 0x8C02, 1
@ 0x8C04, 35
@ 0x8C06, 2
@ 0x8C08, 33
@ 0x8C0C, 29
@ 0x8C0E, 2
@ 0x8C10, 28
@ 0x8C14, 32
@ 0x8C18, 28
@ 0x8C1A, 1
@ 0x8C1C, 39
@ 0x8C20, 30
@ 0x8C22, 3
@ 0x8C24, 30
@ 0x8C26, 4
@ 0x8C28, 25
@ 0x8C2A, 1
@ 0x8C2C, 42
@ 0x8C2E, 2
@ 0x8C30, 35
@ 0x8C32, 2
@ 0x8C34, 40
@ 0x8C38, 26
@ 0x8C3A, 2
@ 0x8C3C, 41
@ 0x8C3E, 1
@ 0x8C40, 36
@ 0x8C42, 1
@ 0x8C44, 36
@ 0x8C48, 37
@ 0x8C4A, 1
@ 0x8C4C, 43
@ 0x8C4E, 1
@ 0x8C50, 28
@ 0x8C54, 36
@ 0x8C56, 1
@ 0x8C58, 44
@ 0x8C5C, 41
@ 0x8C60, 31
@ 0x8C62, 1
@ 0x8C64, 30
@ 0x8C68, 35
@ 0x8C6C, 33
@ 0x8C6E, 2
@ 0x8C70, 36
@ 0x8C72, 1
@ 0x8C74, 40
@ 0x8C78, 25
@ 0x8C7C, 37
@ 0x8C7E, 1
@ 0x8C80, 29
@ 0x8C82, 1
@ 0x8C84, 21
@ 0x8C86, 2
@ 0x8C88, 31
@ 0x8C8C, 33
@ 0x8C90, 40
@ 0x8C94, 33
@ 0x8C96, 1
@ 0x8C98, 39
@ 0x8C9A, 1
@ 0x8C9C, 34
@ 0x8CA0, 35
@ 0x8CA2, 1
@ 0x8CA4, 39
@ 0x8CA6, 2
@ 0x8CA8, 41
@ 0x8CAA, 2
@ 0x8CAC, 30
@ 0x8CAE, 2
@ 0x8CB0, 37
@ 0x8CB2, 1
@ 0x8CB4, 35
@ 0x8CB6, 1
@ 0x8CB8, 32
@ 0x8CBA, 1
@ 0x8CBC, 35
@ 0x8CC0, 31
@ 0x8CC4, 37
@ 0x8CC8, 33
@ 0x8CCC, 38
@ 0x8CCE, 1
@ 0x8CD0, 34
@ 0x8CD2, 2
@ 0x8CD4, 34
@ 0x8CD6, 1
@ 0x8CD8, 28
@ 0x8CDA, 2
@ 0x8CDC, 32
@ 0x8CDE, 1
@ 0x8CE0, 30
@ 0x8CE4, 36
@ 0x8CE6, 2
@ 0x8CE8, 37
@ 0x8CEA, 2
@ 0x8CEC, 29
@ 0x8CEE, 2
@ 0x8CF0, 25
@ 0x8CF4, 37
@ 0x8CF6, 1
@ 0x8CF8, 38
@ 0x8CFA, 1
@ 0x8CFC, 27
@ 0x8CFE, 2
@ 0x8D00, 30
@ 0x8D02, 3
@ 0x8D04, 42
@ 0x8D06, 1
@ 0x8D08, 24
@ 0x8D0A, 1
@ 0x8D0C, 37
@ 0x8D10, 33
@ 0x8D12, 3
@ 0x8D14, 34
@ 0x8D16, 1
@ 0x8D18, 33
@ 0x8D1A, 1
@ 0x8D1C, 39
@ 0x8D20, 29
@ 0x8D22, 3
@ 0x8D24, 34
@ 0x8D26, 2
@ 0x8D28, 36
@ 0x8D2A, 1
@ 0x8D2C, 30
@ 0x8D30, 29
@ 0x8D32, 1
@ 0x8D34, 24
@ 0x8D36, 3
@ 0x8D38, 23
@ 0x8D3C, 40
@ 0x8D40, 38
@ 0x8D42, 1
@ 0x8D44, 36
@ 0x8D48, 45
@ 0x8D4A, 1
@ 0x8D4C, 33
@ 0x8D4E, 2
@ 0x8D50, 36
@ 0x8D54, 25
@ 0x8D56, 1
@ 0x8D58, 27
@ 0x8D5C, 28
@ 0x8D5E, 1
@ 0x8D60, 28
@ 0x8D62, 1
@ 0x8D64, 47
@ 0x8D66, 1
@ 0x8D68, 26
@ 0x8D6C, 26
@ 0x8D6E, 2
@ 0x8D70, 36
@ 0x8D72, 2
@ 0x8D74, 30
@ 0x8D76, 1
@ 0x8D78, 34
@ 0x8D7C, 36
@ 0x8D7E, 1
@ 0x8D80, 25
@ 0x8D82, 1
@ 0x8D84, 27
@ 0x8D86, 4
@ 0x8D88, 33
@ 0x8D8C, 34
@ 0x8D90, 39
@ 0x8D94, 31
@ 0x8D98, 33
@ 0x8D9C, 43
@ 0x8D9E, 1
@ 0x8DA0, 32
@ 0x8DA2, 1
@ 0x8DA4, 30
@ 0x8DA6, 3
@ 0x8DA8, 32
@ 0x8DAA, 1
@ 0x8DAC, 22
@ 0x8DB0, 28
@ 0x8DB2, 1
@ 0x8DB4, 29
@ 0x8DB6, 1
@ 0x8DB8, 17
@ 0x8DBC, 30
@ 0x8DBE, 1
@ 0x8DC0, 34
@ 0x8DC2, 1
@ 0x8DC4, 28
@ 0x8DC8, 38
@ 0x8DCA, 1
@ 0x8DCC, 35
@ 0x8DD0, 27
@ 0x8DD2, 2
@ 0x8DD4, 29
@ 0x8DD8, 33
@ 0x8DDA, 2
@ 0x8DDC, 27
@ 0x8DDE, 3
@ 0x8DE0, 35
@ 0x8DE2, 1
@ 0x8DE4, 36
@ 0x8DE6, 2
@ 0x8DE8, 28
@ 0x8DEA, 1
@ 0x8DEC, 39
@ 0x8DEE, 1
@ 0x8DF0, 24
@ 0x8DF4, 24
@ 0x8DF6, 1
@ 0x8DF8, 14
@ 0x8DFC, 30
@ 0x8DFE, 2
@ 0x8E00, 27
@ 0x8E02, 3
@ 0x8E04, 36
@ 0x8E06, 1
@ 0x8E08, 30
@ 0x8E0A, 1
@ 0x8E0C, 29
@ 0x8E10, 27
@ 0x8E12, 1
@ 0x8E14, 22
@ 0x8E18, 29
@ 0x8E1A, 1
@ 0x8E1C, 29
@ 0x8E1E, 2
@ 0x8E20, 30
@ 0x8E24, 29
@ 0x8E28, 15
@ 0x8E2C, 23
@ 0x8E2E, 2
@ 0x8E30, 33
@ 0x8E34, 25
@ 0x8E36, 1
@ 0x8E38, 26
@ 0x8E3A, 5
@ 0x8E3C, 30
@ 0x8E3E, 1
@ 0x8E40, 35
@ 0x8E44, 28
@ 0x8E46, 1
@ 0x8E48, 29
@ 0x8E4A, 1
@ 0x8E4C, 29
@ 0x8E50, 30
@ 0x8E54, 27
@ 0x8E58, 31
@ 0x8E5C, 31
@ 0x8E5E, 2
@ 0x8E60, 32
@ 0x8E62, 1
@ 0x8E64, 34
@ 0x8E68, 33
@ 0x8E6A, 2
@ 0x8E6C, 26
@ 0x8E70, 40
@ 0x8E74, 27
@ 0x8E76, 4
@ 0x8E78, 37
@ 0x8E7A, 2
@ 0x8E7C, 33
@ 0x8E80, 30
@ 0x8E82, 1
@ 0x8E84, 22
@ 0x8E88, 30
@ 0x8E8A, 1
@ 0x8E8C, 28
@ 0x8E8E, 2
@ 0x8E90, 26
@ 0x8E94, 27
@ 0x8E96, 1
@ 0x8E98, 26
@ 0x8E9A, 1
@ 0x8E9C, 29
@ 0x8EA0, 22
@ 0x8EA4, 25
@ 0x8EA6, 1
@ 0x8EA8, 29
@ 0x8EAA, 2
@ 0x8EAC, 32
@ 0x8EB0, 35
@ 0x8EB2, 1
@ 0x8EB4, 25
@ 0x8EB6, 1
@ 0x8EB8, 37
@ 0x8EBC, 17
@ 0x8EBE, 1
@ 0x8EC0, 22
@ 0x8EC4, 31
@ 0x8EC8, 17
@ 0x8ECA, 2
@ 0x8ECC, 30
@ 0x8ED0, 25
@ 0x8ED2, 2
@ 0x8ED4, 29
@ 0x8ED8, 26
@ 0x8EDA, 1
@ 0x8EDC, 29
@ 0x8EE0, 30
@ 0x8EE2, 1
@ 0x8EE4, 29
@ 0x8EE8, 21
@ 0x8EEC, 30
@ 0x8EF0, 24
@ 0x8EF4, 23
@ 0x8EF6, 3
@ 0x8EF8, 23
@ 0x8EFA, 1
@ 0x8EFC, 32
@ 0x8EFE, 2
@ 0x8F00, 19
@ 0x8F02, 1
@ 0x8F04, 23
@ 0x8F08, 15
@ 0x8F0C, 23
@ 0x8F10, 28
@ 0x8F12, 2
@ 0x8F14, 28
@ 0x8F18, 27
@ 0x8F1A, 2
@ 0x8F1C, 28
@ 0x8F20, 19
@ 0x8F24, 24
@ 0x8F28, 34
@ 0x8F2C, 29
@ 0x8F2E, 1
@ 0x8F30, 20
@ 0x8F32, 3
@ 0x8F34, 27
@ 0x8F36, 1
@ 0x8F38, 22
@ 0x8F3A, 2
@ 0x8F3C, 33
@ 0x8F40, 24
@ 0x8F44, 21
@ 0x8F46, 2
@ 0x8F48, 29
@ 0x8F4A, 1
@ 0x8F4C, 26
@ 0x8F4E, 1
@ 0x8F50, 28
@ 0x8F52, 2
@ 0x8F54, 27
@ 0x8F58, 30
@ 0x8F5A, 1
@ 0x8F5C, 29
@ 0x8F5E, 3
@ 0x8F60, 19
@ 0x8F64, 33
@ 0x8F68, 24
@ 0x8F6C, 13
@ 0x8F6E, 2
@ 0x8F70, 25
@ 0x8F74, 28
@ 0x8F76, 12
@ 0x8F78, 61
@ 0x8F7C, 26
@ 0x8F7E, 4
@ 0x8F80, 45
@ 0x8F82, 22
@ 0x8F84, 20
@ 0x8F88, 32
@ 0x8F8C, 17
@ 0x8F8E, 2
@ 0x8F90, 21
@ 0x8F92, 1
@ 0x8F94, 20
@ 0x8F98, 24
@ 0x8F9C, 25
@ 0x8FA0, 24
@ 0x8FA2, 2
@ 0x8FA4, 28
@ 0x8FA8, 34
@ 0x8FAA, 1
@ 0x8FAC, 26
@ 0x8FB0, 19
@ 0x8FB2, 1
@ 0x8FB4, 22
@ 0x8FB6, 2
@ 0x8FB8, 28
@ 0x8FBC, 14
@ 0x8FC0, 23
@ 0x8FC4, 27
@ 0x8FC6, 1
@ 0x8FC8, 24
@ 0x8FCA, 1
@ 0x8FCC, 27
@ 0x8FD0, 20
@ 0x8FD4, 27
@ 0x8FD8, 23
@ 0x8FDA, 2
@ 0x8FDC, 31
@ 0x8FDE, 1
@ 0x8FE0, 31
@ 0x8FE2, 1
@ 0x8FE4, 28
@ 0x8FE6, 1
@ 0x8FE8, 32
@ 0x8FEC, 24
@ 0x8FEE, 2
@ 0x8FF0, 29
@ 0x8FF4, 28
@ 0x8FF6, 1
@ 0x8FF8, 34
@ 0x8FFC, 23
@ 0x9000, 27
@ 0x9002, 2
@ 0x9004, 25
@ 0x9008, 29
@ 0x900A, 1
@ 0x900C, 23
@ 0x900E, 1
@ 0x9010, 31
@ 0x9012, 5
@ 0x9014, 33
@ 0x9016, 1
@ 0x9018, 28
@ 0x901A, 1
@ 0x901C, 38
@ 0x901E, 1
@ 0x9020, 32
@ 0x9022, 1
@ 0x9024, 21
@ 0x9026, 1
@ 0x9028, 22
@ 0x902C, 24
@ 0x9030, 25
@ 0x9032, 2
@ 0x9034, 27
@ 0x9036, 1
@ 0x9038, 27
@ 0x903C, 17
@ 0x9040, 24
@ 0x9042, 1
@ 0x9044, 30
@ 0x9048, 28
@ 0x904A, 2
@ 0x904C, 31
@ 0x9050, 25
@ 0x9054, 23
@ 0x9056, 1
@ 0x9058, 25
@ 0x905C, 27
@ 0x905E, 1
@ 0x9060, 32
@ 0x9062, 1
@ 0x9064, 26
@ 0x9066, 1
@ 0x9068, 28
@ 0x906A, 1
@ 0x906C, 36
@ 0x9070, 20
@ 0x9074, 33
@ 0x9076, 1
@ 0x9078, 26
@ 0x907A, 1
@ 0x907C, 25
@ 0x9080, 29
@ 0x9084, 33
@ 0x9088, 26
@ 0x908A, 1
@ 0x908C, 27
@ 0x9090, 20
@ 0x9092, 1
@ 0x9094, 35
@ 0x9096, 1
@ 0x9098, 36
@ 0x909A, 1
@ 0x909C, 31
@ 0x90A0, 26
@ 0x90A2, 1
@ 0x90A4, 27
@ 0x90A6, 2
@ 0x90A8, 37
@ 0x90AC, 30
@ 0x90B0, 20
@ 0x90B4, 23
@ 0x90B6, 1
@ 0x90B8, 23
@ 0x90BC, 36
@ 0x90C0, 15
@ 0x90C2, 1
@ 0x90C4, 29
@ 0x90C6, 2
@ 0x90C8, 18
@ 0x90CA, 1
@ 0x90CC, 39
@ 0x90CE, 1
@ 0x90D0, 32
@ 0x90D2, 1
@ 0x90D4, 30
@ 0x90D8, 30
@ 0x90DC, 32
@ 0x90E0, 31
@ 0x90E4, 31
@ 0x90E8, 33
@ 0x90EA, 1
@ 0x90EC, 26
@ 0x90F0, 24
@ 0x90F4, 29
@ 0x90F6, 1
@ 0x90F8, 23
@ 0x90FA, 2
@ 0x90FC, 30
@ 0x9100, 31
@ 0x9104, 23
@ 0x9106, 1
@ 0x9108, 34
@ 0x910C, 28
@ 0x910E, 1
@ 0x9110, 36
@ 0x9112, 2
@ 0x9114, 28
@ 0x9118, 37
@ 0x911C, 26
@ 0x911E, 3
@ 0x9120, 34
@ 0x9124, 35
@ 0x9126, 1
@ 0x9128, 38
@ 0x912C, 31
@ 0x912E, 1
@ 0x9130, 31
@ 0x9134, 31
@ 0x9138, 29
@ 0x913C, 34
@ 0x913E, 2
@ 0x9140, 37
@ 0x9144, 21
@ 0x9146, 1
@ 0x9148, 27
@ 0x914A, 1
@ 0x914C, 29
@ 0x9150, 17
@ 0x9152, 1
@ 0x9154, 27
@ 0x9158, 21
@ 0x915A, 1
@ 0x915C, 30
@ 0x9160, 21
@ 0x9164, 33
@ 0x9168, 26
@ 0x916A, 1
@ 0x916C, 30
@ 0x9170, 25
@ 0x9172, 1
@ 0x9174, 30
@ 0x9178, 27
@ 0x917A, 1
@ 0x917C, 23
@ 0x9180, 31
@ 0x9182, 2
@ 0x9184, 25
@ 0x9188, 28
@ 0x918A, 2
@ 0x918C, 22
@ 0x9190, 31
@ 0x9194, 21
@ 0x9196, 1
@ 0x9198, 26
@ 0x919C, 32
@ 0x919E, 2
@ 0x91A0, 19
@ 0x91A4, 28
@ 0x91A8, 24
@ 0x91AC, 31
@ 0x91B0, 33
@ 0x91B2, 1
@ 0x91B4, 29
@ 0x91B8, 32
@ 0x91BC, 24
@ 0x91BE, 1
@ 0x91C0, 38
@ 0x91C2, 1
@ 0x91C4, 21
@ 0x91C6, 1
@ 0x91C8, 20
@ 0x91CC, 25
@ 0x91D0, 22
@ 0x91D4, 23
@ 0x91D8, 35
@ 0x91DC, 18
@ 0x91E0, 24
@ 0x91E4, 32
@ 0x91E8, 22
@ 0x91EC, 34
@ 0x91F0, 17
@ 0x91F4, 22
@ 0x91F6, 1
@ 0x91F8, 21
@ 0x91FA, 3
@ 0x91FC, 30
@ 0x9200, 31
@ 0x9202, 1
@ 0x9204, 16
@ 0x9206, 1
@ 0x9208, 27
@ 0x920C, 25
@ 0x9210, 22
@ 0x9214, 18
@ 0x9216, 1
@ 0x9218, 31
@ 0x921C, 20
@ 0x9220, 19
@ 0x9224, 23
@ 0x9226, 1
@ 0x9228, 25
@ 0x922C, 16
@ 0x922E, 2
@ 0x9230, 21
@ 0x9232, 1
@ 0x9234, 29
@ 0x9238, 22
@ 0x923C, 22
@ 0x9240, 18
@ 0x9244, 20
@ 0x9248, 22
@ 0x924A, 2
@ 0x924C, 19
@ 0x9250, 15
@ 0x9254, 12
@ 0x9258, 26
@ 0x925A, 1
@ 0x925C, 19
@ 0x9260, 18
@ 0x9264, 19
@ 0x9268, 17
@ 0x926A, 1
@ 0x926C, 20
@ 0x9270, 19
@ 0x9272, 2
@ 0x9274, 15
@ 0x9276, 1
@ 0x9278, 19
@ 0x927A, 1
@ 0x927C, 23
@ 0x9280, 19
@ 0x9284, 12
@ 0x9288, 17
@ 0x928C, 17
@ 0x9290, 17
@ 0x9294, 18
@ 0x9296, 1
@ 0x9298, 21
@ 0x929C, 16
@ 0x92A0, 22
@ 0x92A4, 19
@ 0x92A8, 16
@ 0x92AC, 14
@ 0x92AE, 1
@ 0x92B0, 17
@ 0x92B4, 24
@ 0x92B8, 15
@ 0x92BC, 17
@ 0x92C0, 16
@ 0x92C4, 10
@ 0x92C8, 18
@ 0x92CA, 1
@ 0x92CC, 14
@ 0x92CE, 1
@ 0x92D0, 18
@ 0x92D2, 1
@ 0x92D4, 12
@ 0x92D8, 18
@ 0x92DC, 15
@ 0x92DE, 1
@ 0x92E0, 22
@ 0x92E4, 18
@ 0x92E8, 13
@ 0x92EC, 15
@ 0x92EE, 1
@ 0x92F0, 22
@ 0x92F4, 14
@ 0x92F8, 27
@ 0x92FC, 14
@ 0x92FE, 1
@ 0x9300, 19
@ 0x9302, 2
@ 0x9304, 10
@ 0x9308, 12
@ 0x930C, 16
@ 0x9310, 15
@ 0x9314, 16
@ 0x9318, 14
@ 0x931C, 13
@ 0x9320, 17
@ 0x9322, 1
@ 0x9324, 9
@ 0x9328, 19
@ 0x932C, 12
@ 0x932E, 1
@ 0x9330, 20
@ 0x9334, 15
@ 0x9338, 12
@ 0x933C, 10
@ 0x9340, 9
@ 0x9344, 14
@ 0x9348, 13
@ 0x934C, 9
@ 0x9350, 16
@ 0x9354, 21
@ 0x9358, 14
@ 0x935C, 12
@ 0x935E, 1
@ 0x9360, 11
@ 0x9364, 13
@ 0x9368, 11
@ 0x936C, 6
@ 0x936E, 1
@ 0x9370, 10
@ 0x9372, 1
@ 0x9374, 9
@ 0x9376, 1
@ 0x9378, 9
@ 0x937C, 4
@ 0x9380, 13
@ 0x9382, 1
@ 0x9384, 19
@ 0x9386, 1
@ 0x9388, 7
@ 0x938C, 12
@ 0x9390, 9
@ 0x9394, 13
@ 0x9398, 7
@ 0x939A, 1
@ 0x939C, 12
@ 0x939E, 1
@ 0x93A0, 16
@ 0x93A2, 1
@ 0x93A4, 18
@ 0x93A6, 1
@ 0x93A8, 12
@ 0x93AC, 8
@ 0x93B0, 9
@ 0x93B4, 13
@ 0x93B8, 5
@ 0x93BC, 17
@ 0x93C0, 8
@ 0x93C4, 14
@ 0x93C6, 1
@ 0x93C8, 11
@ 0x93CA, 1
@ 0x93CC, 5
@ 0x93D0, 10
@ 0x93D2, 1
@ 0x93D4, 8
@ 0x93D8, 11
@ 0x93DC, 8
@ 0x93DE, 1
@ 0x93E0, 11
@ 0x93E4, 4
@ 0x93E8, 10
@ 0x93EC, 10
@ 0x93EE, 1
@ 0x93F0, 4
@ 0x93F4, 13
@ 0x93F8, 11
@ 0x93FC, 12
@ 0x9400, 10
@ 0x9404, 11
@ 0x9408, 7
@ 0x940C, 15
@ 0x9410, 9
@ 0x9414, 5
@ 0x9416, 1
@ 0x9418, 14
@ 0x941C, 7
@ 0x9420, 6
@ 0x9422, 1
@ 0x9424, 14
@ 0x9428, 12
@ 0x942C, 9
@ 0x942E, 1
@ 0x9430, 9
@ 0x9434, 9
@ 0x9438, 4
@ 0x943A, 1
@ 0x943C, 11
@ 0x9440, 5
@ 0x9444, 11
@ 0x9446, 1
@ 0x9448, 9
@ 0x944C, 11
@ 0x9450, 9
@ 0x9454, 6
@ 0x9458, 3
@ 0x945A, 2
@ 0x945C, 4
@ 0x945E, 1
@ 0x9460, 14
@ 0x9464, 13
@ 0x9466, 1
@ 0x9468, 8
@ 0x946C, 8
@ 0x9470, 4
@ 0x9472, 1
@ 0x9474, 8
@ 0x9478, 4
@ 0x947C, 8
@ 0x9480, 10
@ 0x9482, 1
@ 0x9484, 7
@ 0x9488, 4
@ 0x948C, 8
@ 0x9490, 6
@ 0x9494, 5
@ 0x9498, 9
@ 0x949A, 1
@ 0x949C, 7
@ 0x94A0, 11
@ 0x94A4, 5
@ 0x94A8, 3
@ 0x94AC, 11
@ 0x94B0, 6
@ 0x94B4, 11
@ 0x94B8, 4
@ 0x94BC, 9
@ 0x94C0, 12
@ 0x94C4, 3
@ 0x94C8, 12
@ 0x94CC, 7
@ 0x94CE, 1
@ 0x94D0, 7
@ 0x94D4, 6
@ 0x94D8, 3
@ 0x94DA, 1
@ 0x94DC, 6
@ 0x94E0, 6
@ 0x94E4, 7
@ 0x94E8, 7
@ 0x94EC, 3
@ 0x94EE, 1
@ 0x94F0, 8
@ 0x94F4, 13
@ 0x94F8, 8
@ 0x94FA, 1
@ 0x94FC, 8
@ 0x9500, 5
@ 0x9504, 8
@ 0x9508, 5
@ 0x950C, 5
@ 0x950E, 1
@ 0x9510, 3
@ 0x9514, 2
@ 0x9516, 2
@ 0x9518, 4
@ 0x951C, 8
@ 0x951E, 1
@ 0x9520, 6
@ 0x9522, 1
@ 0x9524, 7
@ 0x9528, 8
@ 0x952C, 3
@ 0x9530, 6
@ 0x9534, 7
@ 0x9538, 8
@ 0x953C, 10
@ 0x9540, 3
@ 0x9544, 3
@ 0x9548, 4
@ 0x954C, 6
@ 0x9550, 9
@ 0x9554, 7
@ 0x9558, 9
@ 0x955C, 8
@ 0x9560, 4
@ 0x9564, 7
@ 0x9568, 7
@ 0x956C, 5
@ 0x956E, 1
@ 0x9570, 5
@ 0x9572, 1
@ 0x9574, 6
@ 0x9578, 4
@ 0x957C, 2
@ 0x9580, 6
@ 0x9582, 1
@ 0x9584, 7
@ 0x9586, 1
@ 0x9588, 5
@ 0x958C, 9
@ 0x958E, 1
@ 0x9590, 8
@ 0x9594, 5
@ 0x9598, 1
@ 0x959C, 8
@ 0x95A0, 1
@ 0x95A4, 1
@ 0x95A8, 9
@ 0x95AC, 5
@ 0x95AE, 1
@ 0x95B0, 1
@ 0x95B4, 4
@ 0x95B6, 1
@ 0x95B8, 5
@ 0x95BC, 8
@ 0x95C0, 7
@ 0x95C2, 1
@ 0x95C4, 5
@ 0x95C8, 6
@ 0x95CC, 4
@ 0x95D0, 5
@ 0x95D2, 1
@ 0x95D4, 5
@ 0x95D8, 8
@ 0x95DC, 8
@ 0x95E0, 1
@ 0x95E4, 1
@ 0x95E8, 6
@ 0x95EA, 1
@ 0x95EC, 6
@ 0x95EE, 1
@ 0x95F0, 6
@ 0x95F2, 1
@ 0x95F4, 4
@ 0x95F8, 6
@ 0x95FC, 2
@ 0x9600, 5
@ 0x9604, 2
@ 0x9606, 1
@ 0x9608, 9
@ 0x960C, 8
@ 0x9610, 4
@ 0x9614, 3
@ 0x9618, 6
@ 0x961C, 5
@ 0x9620, 5
@ 0x9624, 2
@ 0x9628, 7
@ 0x962A, 1
@ 0x962C, 7
@ 0x962E, 1
@ 0x9630, 4
@ 0x9634, 2
@ 0x9638, 7
@ 0x963C, 5
@ 0x9640, 2
@ 0x9644, 4
@ 0x9648, 7
@ 0x964C, 4
@ 0x964E, 1
@ 0x9650, 6
@ 0x9654, 4
@ 0x9658, 6
@ 0x965C, 5
@ 0x965E, 1
@ 0x9660, 5
@ 0x9664, 6
@ 0x966C, 2
@ 0x9670, 4
@ 0x9674, 7
@ 0x9678, 7
@ 0x967C, 3
@ 0x967E, 3
@ 0x9680, 2
@ 0x9684, 5
@ 0x9688, 1
@ 0x968C, 7
@ 0x968E, 1
@ 0x9690, 5
@ 0x9692, 1
@ 0x9694, 6
@ 0x9698, 2
@ 0x969C, 7
@ 0x96A0, 6
@ 0x96A4, 4
@ 0x96A8, 6
@ 0x96AA, 1
@ 0x96AC, 1
@ 0x96B0, 5
@ 0x96B4, 3
@ 0x96B8, 3
@ 0x96BC, 2
@ 0x96C0, 7
@ 0x96C2, 1
@ 0x96C4, 4
@ 0x96C8, 5
@ 0x96CC, 3
@ 0x96D0, 4
@ 0x96D2, 38
@ 0x96D4, 3
@ 0x96D8, 5
@ 0x96DC, 4
@ 0x96E0, 1
@ 0x96E4, 2
@ 0x96E8, 6
@ 0x96EC, 36
@ 0x96F0, 106
@ 0x96F4, 1
@ 0x96F8, 3
@ 0x96FA, 157
@ 0x96FC, 66
@ 0x9700, 3
@ 0x9704, 5
@ 0x9708, 6
@ 0x970A, 1
@ 0x970C, 5
@ 0x970E, 1
@ 0x9710, 3
@ 0x9714, 9
@ 0x9716, 1
@ 0x9718, 4
@ 0x971A, 283
@ 0x971C, 5
@ 0x971E, 1
@ 0x9720, 2
@ 0x9722, 1
@ 0x9724, 6504
@ 0x9726, 1
@ 0x9728, 1062
@ 0x972C, 2
@ 0x972E, 1
@ 0x9730, 401
@ 0x9734, 6
@ 0x9736, 1
@ 0x9738, 2
@ 0x973A, 1
@ 0x973C, 7
@ 0x9740, 119
@ 0x9744, 2
@ 0x9748, 5
@ 0x974C, 5
@ 0x974E, 13
@ 0x9750, 5
@ 0x9754, 2
@ 0x9756, 1
@ 0x9758, 3
@ 0x975A, 2
@ 0x975C, 3
@ 0x9760, 2
@ 0x9764, 2
@ 0x9766, 1
@ 0x9768, 3
@ 0x976C, 3
@ 0x976E, 1
@ 0x9770, 2
@ 0x9772, 1
@ 0x9774, 3
@ 0x9778, 1
@ 0x977C, 2
@ 0x9780, 4
@ 0x9784, 7
@ 0x9788, 1
@ 0x978C, 3
@ 0x9790, 3
@ 0x9794, 2
@ 0x9798, 4
@ 0x979C, 3
@ 0x97A0, 5
@ 0x97A4, 3
@ 0x97A8, 6
@ 0x97B0, 2
@ 0x97B4, 1
@ 0x97B8, 5
@ 0x97BC, 4
@ 0x97C0, 2
@ 0x97C4, 2
@ 0x97C8, 2
@ 0x97CA, 1
@ 0x97CC, 2
@ 0x97D0, 4
@ 0x97D4, 1
@ 0x97D6, 1
@ 0x97D8, 6
@ 0x97DC, 2
@ 0x97E0, 3
@ 0x97E2, 1
@ 0x97E4, 2
@ 0x97E6, 1
@ 0x97E8, 3
@ 0x97EC, 2
@ 0x97F0, 3
@ 0x97F4, 5
@ 0x97F8, 3
@ 0x97FA, 1
@ 0x97FC, 4
@ 0x9800, 5
@ 0x9804, 3
@ 0x9806, 1
@ 0x9808, 7
@ 0x980A, 1
@ 0x980C, 2
@ 0x9810, 5
@ 0x9814, 3
@ 0x9818, 1
@ 0x981C, 3
@ 0x9820, 7
@ 0x9824, 4
@ 0x9828, 3
@ 0x982C, 2
@ 0x9830, 4
@ 0x9834, 4
@ 0x9836, 1
@ 0x983C, 1
@ 0x9840, 5
@ 0x9844, 4
@ 0x9848, 4
@ 0x984C, 3
@ 0x9854, 5
@ 0x9858, 4
@ 0x985C, 3
@ 0x9860, 3
@ 0x9864, 4
@ 0x986C, 4
@ 0x9870, 6
@ 0x9874, 2
@ 0x9878, 1
@ 0x987C, 2
@ 0x987E, 1
@ 0x9880, 3
@ 0x9884, 1
@ 0x9888, 5
@ 0x988C, 2
@ 0x9890, 7
@ 0x9892, 1
@ 0x9894, 1
@ 0x9898, 3
@ 0x989C, 4
@ 0x98A0, 2
@ 0x98A4, 2
@ 0x98A8, 4
@ 0x98AA, 1
@ 0x98B0, 3
@ 0x98B4, 2
@ 0x98B8, 3
@ 0x98BC, 1
@ 0x98C0, 3
@ 0x98C2, 1
@ 0x98C4, 1
@ 0x98C6, 2
@ 0x98C8, 1
@ 0x98CC, 3
@ 0x98D0, 6
@ 0x98D4, 3
@ 0x98DC, 2
@ 0x98E0, 2
@ 0x98E4, 2
@ 0x98E8, 1
@ 0x98EC, 7
@ 0x98F0, 3
@ 0x98F2, 1
@ 0x98F4, 5
@ 0x98F8, 2
@ 0x98FC, 2
@ 0x98FE, 1
@ 0x9900, 1
@ 0x9904, 2
@ 0x9908, 3
@ 0x990C, 4
@ 0x9910, 3
@ 0x9914, 3
@ 0x9918, 2
@ 0x9920, 2
@ 0x9924, 2
@ 0x9928, 4
@ 0x992C, 2
@ 0x992E, 1
@ 0x9930, 3
@ 0x9938, 1
@ 0x993C, 2
@ 0x9940, 3
@ 0x9944, 3
@ 0x9948, 2
@ 0x994C, 1
@ 0x9952, 1
@ 0x9954, 3
@ 0x9958, 1
@ 0x995C, 1
@ 0x9960, 1
@ 0x9964, 1
@ 0x996C, 2
@ 0x9974, 4
@ 0x9978, 1
@ 0x997C, 3
@ 0x9980, 2
@ 0x9984, 3
@ 0x9988, 2
@ 0x998A, 1
@ 0x998C, 4
@ 0x998E, 1
@ 0x9990, 2
@ 0x9994, 1
@ 0x9998, 2
@ 0x999C, 3
@ 0x99A0, 5
@ 0x99A4, 1
@ 0x99A8, 1
@ 0x99AC, 2
@ 0x99B0, 1
@ 0x99B8, 3
@ 0x99BA, 1
@ 0x99BC, 2
@ 0x99C0, 3
@ 0x99C8, 3
@ 0x99CC, 1
@ 0x99D0, 4
@ 0x99D4, 1
@ 0x99D8, 1
@ 0x99DC, 1
@ 0x99E0, 1
@ 0x99E4, 1
@ 0x99E8, 3
@ 0x99EC, 2
@ 0x99F0, 2
@ 0x99F4, 2
@ 0x99F8, 5
@ 0x99FC, 3
@ 0x9A00, 3
@ 0x9A04, 2
@ 0x9A08, 1
@ 0x9A0C, 1
@ 0x9A10, 1
@ 0x9A14, 1
@ 0x9A18, 1
@ 0x9A1C, 1
@ 0x9A20, 1
@ 0x9A2C, 2
@ 0x9A30, 1
@ 0x9A34, 5
@ 0x9A3C, 1
@ 0x9A40, 1
@ 0x9A44, 3
@ 0x9A48, 3
@ 0x9A50, 2
@ 0x9A54, 1
@ 0x9A5C, 1
@ 0x9A60, 1
@ 0x9A68, 2
@ 0x9A74, 4
@ 0x9A78, 2
@ 0x9A80, 3
@ 0x9A84, 2
@ 0x9A88, 1
@ 0x9A8C, 3
@ 0x9A90, 3
@ 0x9A98, 1
@ 0x9AA4, 2
@ 0x9AA8, 2
@ 0x9AAA, 1
@ 0x9AB4, 1
@ 0x9AB8, 1
@ 0x9ABC, 2
@ 0x9AC0, 2
@ 0x9AC8, 2
@ 0x9AD0, 1
@ 0x9AD4, 1
@ 0x9AD8, 3
@ 0x9AE0, 2
@ 0x9AE4, 4
@ 0x9AF0, 3
@ 0x9AF4, 1
@ 0x9AF6, 1
@ 0x9AF8, 3
@ 0x9B06, 1
@ 0x9B08, 1
@ 0x9B10, 4
@ 0x9B14, 3
@ 0x9B18, 1
@ 0x9B1C, 1
@ 0x9B24, 2
@ 0x9B28, 1
@ 0x9B2C, 1
@ 0x9B30, 1
@ 0x9B34, 2
@ 0x9B40, 1
@ 0x9B44, 3
@ 0x9B48, 3
@ 0x9B60, 1
@ 0x9B64, 1
@ 0x9B70, 2
@ 0x9B74, 1
@ 0x9B80, 1
@ 0x9B8C, 1
@ 0x9B90, 1
@ 0x9B94, 2
@ 0x9B98, 1
@ 0x9B9C, 1
@ 0x9BA0, 1
@ 0x9BA2, 1
@ 0x9BA4, 1
@ 0x9BA8, 2
@ 0x9BAC, 1
@ 0x9BB0, 1
@ 0x9BC4, 1
@ 0x9BC8, 1
@ 0x9BCC, 1
@ 0x9BCE, 1
@ 0x9BD4, 1
@ 0x9BDA, 13
@ 0x9BDC, 1
@ 0x9BEC, 3
@ 0x9BF0, 1
@ 0x9BF6, 1
@ 0x9BF8, 1
@ 0x9BFC, 2
@ 0x9BFE, 20
@ 0x9C04, 1
@ 0x9C0E, 4
@ 0x9C14, 1
@ 0x9C1C, 1
@ 0x9C20, 5
@ 0x9C22, 1
@ 0x9C24, 1
@ 0x9C28, 1
@ 0x9C2C, 1
@ 0x9C30, 2
@ 0x9C34, 1
@ 0x9C3C, 241
@ 0x9C40, 4
@ 0x9C44, 143
@ 0x9C46, 168
@ 0x9C48, 358
@ 0x9C4A, 401
@ 0x9C4C, 195
@ 0x9C4E, 362
@ 0x9C50, 42
@ 0x9C54, 1
@ 0x9C60, 2
@ 0x9C64, 4
@ 0x9C66, 10
@ 0x9C68, 1
@ 0x9C6C, 24
@ 0x9C78, 1
@ 0x9C7C, 9
@ 0x9C80, 1
@ 0x9C84, 1
@ 0x9C88, 2
@ 0x9C8C, 3
@ 0x9C90, 2
@ 0x9C94, 1
@ 0x9C98, 1
@ 0x9CA0, 2
@ 0x9CB0, 1
@ 0x9CB6, 1
@ 0x9CBC, 1
@ 0x9CC0, 3
@ 0x9CC8, 3
@ 0x9CCC, 151
@ 0x9CD0, 2
@ 0x9CD4, 1
@ 0x9CD6, 126
@ 0x9CD8, 197
@ 0x9CDA, 1
@ 0x9CDC, 102
@ 0x9CE4, 3
@ 0x9CE8, 1
@ 0x9CF8, 1
@ 0x9CFC, 1
@ 0x9D04, 2
@ 0x9D06, 1
@ 0x9D08, 1
@ 0x9D0C, 2
@ 0x9D10, 2
@ 0x9D12, 1
@ 0x9D18, 1
@ 0x9D1C, 1
@ 0x9D20, 2
@ 0x9D24, 4
@ 0x9D2C, 1
@ 0x9D30, 1
@ 0x9D34, 1
@ 0x9D38, 2
@ 0x9D3C, 1
@ 0x9D40, 1
@ 0x9D48, 1
@ 0x9D4A, 1
@ 0x9D4C, 2
@ 0x9D50, 2
@ 0x9D54, 1
@ 0x9D58, 1
@ 0x9D64, 1
@ 0x9D68, 1
@ 0x9D6A, 1
@ 0x9D6C, 1
@ 0x9D70, 3
@ 0x9D74, 1
@ 0x9D76, 1
@ 0x9D78, 1
@ 0x9D84, 1
@ 0x9D90, 3
@ 0x9D94, 2
@ 0x9DA4, 2
@ 0x9DAC, 1
@ 0x9DB0, 1
@ 0x9DB6, 1
@ 0x9DB8, 1
@ 0x9DBA, 1
@ 0x9DBC, 1
@ 0x9DCC, 2
@ 0x9DD0, 2
@ 0x9DD4, 1
@ 0x9DD8, 1
@ 0x9DDE, 1
@ 0x9DE4, 1
@ 0x9DE6, 1
@ 0x9DF4, 1
@ 0x9DF8, 1
@ 0x9E10, 4
@ 0x9E14, 1
@ 0x9E28, 1
@ 0x9E2C, 1
@ 0x9E38, 1
@ 0x9E3C, 1
@ 0x9E40, 3
@ 0x9E5A, 1
@ 0x9E74, 1
@ 0x9E78, 1
@ 0x9E7A, 1
@ 0x9E7C, 1
@ 0x9E7E, 1
@ 0x9E88, 1
@ 0x9E94, 1
@ 0x9E98, 2
@ 0x9EA2, 1
@ 0x9EA8, 1
@ 0x9EB0, 1
@ 0x9EB6, 1
@ 0x9EB8, 1
@ 0x9EC4, 1
@ 0x9ED8, 1
@ 0x9EF0, 1
@ 0x9EF8, 1
@ 0x9F04, 2
@ 0x9F14, 3
@ 0x9F1C, 1
@ 0x9F28, 1
@ 0x9F30, 1
@ 0x9F34, 2
@ 0x9F38, 1
@ 0x9F3A, 1
@ 0x9F42, 1
@ 0x9F48, 2
@ 0x9F4C, 1
@ 0x9F58, 2
@ 0x9F60, 1
@ 0x9F68, 2
@ 0x9F74, 1
@ 0x9F92, 1
@ 0x9FA2, 1
@ 0x9FB0, 1
@ 0x9FB8, 1
@ 0x9FC0, 1
@ 0x9FC8, 1
@ 0x9FCC, 1
@ 0x9FD0, 1
@ 0x9FE0, 1
@ 0x9FE4, 1
@ 0x9FEA, 1
@ 0x9FF2, 1
@ 0xA00A, 1
@ 0xA00C, 1
@ 0xA010, 1
@ 0xA018, 2
@ 0xA020, 2
@ 0xA030, 1
@ 0xA034, 1
@ 0xA038, 1
@ 0xA040, 1
@ 0xA04C, 1
@ 0xA054, 1
@ 0xA058, 1
@ 0xA068, 1
@ 0xA084, 1
@ 0xA094, 1
@ 0xA0A0, 1
@ 0xA0A4, 1
@ 0xA0B4, 1
@ 0xA0BC, 1
@ 0xA0C8, 1
@ 0xA0D4, 2
@ 0xA0DC, 1
@ 0xA0E8, 1
@ 0xA0F0, 1
@ 0xA0FC, 2
@ 0xA100, 1
@ 0xA104, 1
@ 0xA12C, 2
@ 0xA134, 1
@ 0xA138, 3
@ 0xA14C, 1
@ 0xA152, 2
@ 0xA164, 1
@ 0xA17C, 1
@ 0xA1A0, 1
@ 0xA1AC, 1
@ 0xA1B0, 1
@ 0xA1C0, 1
@ 0xA1DC, 1
@ 0xA1E0, 1
@ 0xA1E4, 2
@ 0xA204, 2
@ 0xA208, 1
@ 0xA20C, 1
@ 0xA210, 1
@ 0xA21C, 1
@ 0xA228, 1
@ 0xA22A, 1
@ 0xA238, 2
@ 0xA23C, 1
@ 0xA240, 4
@ 0xA246, 1
@ 0xA24C, 1
@ 0xA250, 1
@ 0xA264, 1
@ 0xA270, 1
@ 0xA274, 1
@ 0xA27C, 1
@ 0xA280, 1
@ 0xA284, 1
@ 0xA288, 1
@ 0xA28C, 1
@ 0xA294, 2
@ 0xA29C, 1
@ 0xA29E, 1
@ 0xA2A8, 1
@ 0xA2B4, 1
@ 0xA2B8, 1
@ 0xA2C4, 1
@ 0xA2CC, 1
@ 0xA2CE, 1
@ 0xA2D4, 1
@ 0xA310, 1
@ 0xA316, 1
@ 0xA318, 1
@ 0xA320, 1
@ 0xA322, 1
@ 0xA328, 1
@ 0xA32C, 1
@ 0xA364, 1
@ 0xA38A, 1
@ 0xA394, 1
@ 0xA3A2, 1
@ 0xA3AC, 1
@ 0xA3B0, 2
@ 0xA3BC, 1
@ 0xA3F4, 1
@ 0xA3FC, 1
@ 0xA41C, 1
@ 0xA420, 1
@ 0xA464, 1
@ 0xA46C, 1
@ 0xA472, 1
@ 0xA47E, 1
@ 0xA484, 1
@ 0xA490, 1
@ 0xA496, 1
@ 0xA4A0, 1
@ 0xA4D6, 1
@ 0xA4E8, 1
@ 0xA4EC, 1
@ 0xA500, 1
@ 0xA506, 1
@ 0xA510, 2
@ 0xA520, 1
@ 0xA528, 1
@ 0xA536, 1
@ 0xA578, 1
@ 0xA590, 1
@ 0xA5A4, 1
@ 0xA5A8, 1
@ 0xA5AC, 2
@ 0xA5C8, 1
@ 0xA5CC, 1
@ 0xA5DC, 1
@ 0xA5E4, 1
@ 0xA606, 1
@ 0xA60C, 1
@ 0xA614, 1
@ 0xA620, 1
@ 0xA638, 1
@ 0xA644, 1
@ 0xA660, 1
@ 0xA664, 1
@ 0xA67C, 1
@ 0xA688, 1
@ 0xA68C, 1
@ 0xA696, 1
@ 0xA698, 1
@ 0xA6A4, 1
@ 0xA6AA, 1
@ 0xA6B0, 1
@ 0xA6C8, 2
@ 0xA6F0, 1
@ 0xA708, 1
@ 0xA70C, 1
@ 0xA728, 1
@ 0xA73C, 1
@ 0xA744, 1
@ 0xA748, 1
@ 0xA75C, 1
@ 0xA77C, 1
@ 0xA794, 2
@ 0xA7B8, 1
@ 0xA7BA, 1
@ 0xA7C0, 1
@ 0xA7C4, 1
@ 0xA7DC, 1
@ 0xA7E2, 1
@ 0xA7E8, 1
@ 0xA7EC, 1
@ 0xA808, 1
@ 0xA810, 1
@ 0xA816, 1
@ 0xA824, 1
@ 0xA832, 1
@ 0xA880, 1
@ 0xA88E, 1
@ 0xA8CE, 1
@ 0xA8D0, 1
@ 0xA920, 1
@ 0xA928, 1
@ 0xA938, 1
@ 0xA942, 1
@ 0xA950, 2
@ 0xA968, 1
@ 0xA980, 1
@ 0xA984, 1
@ 0xA98A, 1
@ 0xA994, 1
@ 0xA998, 1
@ 0xA99C, 1
@ 0xA99E, 1
@ 0xA9A0, 1
@ 0xA9AA, 1
@ 0xA9C4, 1
@ 0xA9D2, 1
@ 0xAA20, 1
@ 0xAA48, 156
@ 0xAA54, 345
@ 0xAA60, 1
@ 0xAA74, 1
@ 0xAA78, 5
@ 0xAA7C, 5
@ 0xAA80, 6
@ 0xAA82, 1
@ 0xAA84, 134
@ 0xAA86, 2954
@ 0xAA88, 30
@ 0xAA8C, 165
@ 0xAA90, 220
@ 0xAA92, 600
@ 0xAAAC, 2
@ 0xAAC0, 1
@ 0xAAC6, 32
@ 0xAAD2, 3
@ 0xAADE, 1
@ 0xAAE4, 11
@ 0xAAE8, 1
@ 0xAB12, 3
@ 0xAB14, 3
@ 0xAB18, 1
@ 0xAB1E, 37
@ 0xAB20, 1
@ 0xAB8A, 1
@ 0xABCE, 1
@ 0xAC20, 1
@ 0xAC24, 1
@ 0xAC36, 3
@ 0xAC46, 13
@ 0xACB1, 116
@ 0xACBE, 1
@ 0xACDE, 1
@ 0xAD8C, 1
@ 0xADD6, 1
@ 0xAE2E, 1
@ 0xAE7E, 1
@ 0xAE8E, 1
@ 0xAEB2, 1
@ 0xAEBE, 1
@ 0xAEC0, 1
@ 0xAEF8, 2
@ 0xAF02, 1
@ 0xAF30, 1
@ 0xAF38, 1
@ 0xAF42, 1
@ 0xAF6C, 1
@ 0xAFA0, 1
@ 0xAFC4, 1
@ 0xAFCE, 1
@ 0xB00A, 1
@ 0xB022, 2
@ 0xB0C2, 1
@ 0xB102, 1
@ 0xB108, 1
@ 0xB10A, 1
@ 0xB13E, 1
@ 0xB158, 1
@ 0xB178, 1
@ 0xB1BE, 1
@ 0xB20E, 1
@ 0xB232, 1
@ 0xB240, 1
@ 0xB25E, 1
@ 0xB2B4, 1
@ 0xB2E6, 1
@ 0xB30E, 1
@ 0xB318, 1
@ 0xB346, 1
@ 0xB36E, 1
@ 0xB398, 1
@ 0xB3C4, 1
@ 0xB3CA, 1
@ 0xB428, 1
@ 0xB456, 1
@ 0xB486, 1
@ 0xB492, 1
@ 0xB51A, 1
@ 0xB532, 1
@ 0xB568, 1
@ 0xB574, 1
@ 0xB5B8, 1
@ 0xB5D8, 1
@ 0xB614, 1
@ 0xB61A, 1
@ 0xB64C, 1
@ 0xB6A6, 1
@ 0xB6B4, 1
@ 0xB712, 1
@ 0xB732, 1
@ 0xB74C, 1
@ 0xB79C, 1
@ 0xB7C6, 1
@ 0xB7E2, 1
@ 0xB808, 1
@ 0xB822, 2
@ 0xB8C8, 1
@ 0xB8FA, 1
@ 0xB924, 1
@ 0xB942, 1
@ 0xCB18, 1
@ 0xCC94, 1
@ 0xD416, 6
@ 0xD432, 10
@ 0xD44E, 1
@ 0xD470, 2
@ 0xD4B2, 2
@ 0xD4E2, 1061
@ 0xD4EC, 1
@ 0xD572, 16
@ 0xD5B2, 1
@ 0xD704, 1
@ 0xE304, 1
@ 0xE31C, 41
@ 0xE32A, 3
@ 0xEA28, 1
