ifd0_Copyright ,Count
, 1317257
(C) 2007, Oleg Khokhlov, 22
(C) 2011 by Bi Studio - So 8 , 2
(c) 2011 D. Zimmermann, 1
(c) 2011 Richard M Marshall, 88
(c) 2012, 3
(C) 2013 Rom..n Emin, all rig, 1
(c) all rights reserved, 1
(C) by Camera User, 1
(C) by Caplio GX100 User, 696
(C) by Caplio GX8 User, 68
(C) by Caplio Pro G3 User, 3
(C) by Caplio R3 User, 92
(C) by Caplio R30 User, 9
(C) by Caplio R4 User, 187
(C) by Caplio R40 User, 1
(C) by Caplio R5 User, 65
(C) by Caplio R6 User, 229
(C) by Caplio R7 User, 514
(C) by Caplio RR30 User, 9
(C) by DSC User, 3
(C) by FashionCam User, 5
(C) by GR DIGITAL 2 User, 1282
(C) by GR Digital User, 71
(C) by RDC-7 User, 150
(C) by RICOH G600 User, 1
(C) by RICOH GX200 User, 830
(C) by RICOH R10 User, 206
(C) by RICOH R8 User, 76
(C) by Rollei dr4 User, 1
(C) by SK-210M  User, 1
(C) by Vivitar User, 1
(C) Caplio G3 modelM User, 131
(C) Caplio G3 modelS User, 3
(C) Caplio G4 User, 186
(C) Caplio G4 wide User, 67
(C) Caplio GX User, 24
(C) Caplio R1 User, 6
(C) Caplio R1V User, 4
(C) Caplio R2 User, 51
(C) Caplio RR10, 1
(C) Caplio RX User, 5
(C) Caplio RZ1 User, 3
(C) Chris Devers flickr.com/c, 1
(c) Doan Truong Thi 2013, 1
(c) Paul Grether grether@mind, 6
(c) Paul Kobayashi, pkobayash, 3
(c) Steve Cadman, steve@steve, 1
(c) Thomas Bachun, 12
(C) Xavier HERNANDEZ 2010, 4
(C)2008 Sam Rowlands, 1
(c)2010 Steven Neski, 1
(c)2011, 7
(c)2011 MCP Live, 1
(C)2012 P Villeneuve, 1
(c)2013 charleylhasa.com, 22
(C)2013 Rom..n Emin, all righ, 3
(c)2013 Timothy Pegley, all r, 1
(C)2014 Rom..n Emin, all righ, 10
(C)Adam Stevens, 1
(c)AnnaWojcik, 2
(c)Carlos.Pinto cplusc@sympat, 1
(c)El Trinidad, 154
(c)ElgarCairo, 1
(c)gampang.nl, 68
(c)Guillaume Ouellette-Berrue, 3
(c)Joseph L Small, 1
(c)mkerr, 4
(C)RUTH KRAFT HONORINGWOMEN@G, 2
(C)Simon Qiao 2010., 192
(C)Simon Qiao 2011., 1
*2012 MW Photography*, 2
*all rights reserved*, 1
., 302
.. Steve Rogers 2008, 72
0220...................., 2
0220._..._..._..._..._.., 1
2001, 2
2003, 4
2009, 26
2010, 8
2010 @ Daytona Beach, FL, USA, 1
2010 by Zack O. Jones, 1
2010 Paul C. Smits paulsmits., 7
2010 Roberto Lumbreras Pastor, 1
2011, 9
2011 Roberto Lumbreras Pastor, 1
2011(c) Aslam Khan, 293
2011-2012, 1
2011-2020 Copyright, 1
20110115, 1
2012, 4
2012 - www.fallensoldier.de, 2
2012 Chris Suzuki Photography, 1
2012 Yves Ielegems, 1
2013, 6
2013 J..rgen K..hnel. All Rig, 1
2014 Paul C. Smits paulsmits., 18
3044 N. Commerce  Parkway Mir, 1
384 Sweetbrier, Decaturville,, 2
7901161, 1
@, 14
@2011, 52
@ASHMIEKE, 1
@Fabs!                       , 11
@FMonterrey1, 1
AbdulKader, 14
Abo_Zayed, 1
ADi, 88
ADMIN, 1
ainjhel21-[deviantART] 2009-1, 1
Ajwad z, 2
Alan LO, 1
ALEX BERENZ, 1
Alexssandro Loyola Freitas/55, 2
AlexW, 2
All Copyright: www.AntonieRob, 24
All my pictures are copyright, 150
All of these are recording ou, 2
All Photographs are copyright, 8
All Rights        Reserved to, 3
All rights reserved, 206
All Rights Reserved - 2011 ., 3
All rights reserved - Tutti i, 1
All rights reserved., 102
Allan Copson, 1
ALSAMI, 2
Aluisio M.da Silva, 3
Anders Ripa, 119
Andreas_Goewie, 98
Andrew Hecht, 1
ANDREW RATCLIFFE 1267, 9
Andy Jien, 1
andy@andypowe11.net, 1
Andy_Chu, 1
Angelika Prox-Dampha aprox al, 2
ANIL BADGUJAR     09820 888 0, 1
ANN-CHRISTINE KRINGS PHOTOGRA, 1
Anthony DiMatteo, 1
ANTOINE HERMAN, 5
ArbalstSusan, 1
ARE&HIGH photography, 1
Arnaud PINCEMIN, 25
Aroma Duke, 1
ASHMIEKE, 18
AsmaMohammad, 2
asmazullo@gmail.com, 3
ATILANA, 1
Atul Aherwar, 150
AyaISEKI, 1
BAHAMUT, 187
BAMcHenry, 1
BAMeyer, 1
BANANA STUDIO, 3
BARABAS LASZLO, 1
bauxitevn@gmail.com, 2
BC Biere, 1
Belen Ibarrola Goiri, 3
Beln Ibarrola Goiri, 7
bernd@bselbmann.de, 150
Beth Hinrichsen, 1
blog.shappyhopper.co.uk, 1
Blue Tale, 6
blurred.ca, 50
Bob Rettenmund, 1
bobdu, 184
Boy Louw, 1
BO_EIDE-[47-90572171], 1
BRON GERVAIS, 2
Bryan Baltz, 9
BSA787@AOL.COM, 1
By Clover, 2
by Rondlarg, 2
byensojne.com v/Henning Thoms, 277
C.J.Parker, 225
CaitlinBoeing, 15
carolina.marinelli@gmail.com, 1
Caucas (c), 1
CC - OK for commercial use wi, 2
CC BY-NC-SA 3.0, 20
cesar.gayo, 16
CGP, 1
Charles Booker, 1
CHEMIER.COM, 7
CHEN_TE_CHIH, 1
Chinacia007, 4
Chinmay Garway, 2
Chris Hoare, 2
Chris Mak, 79
Chris Norwood, 11
Christian Weickhmann, 5
Christof Wittig, 234
CHTMOD, 1
CHUNMING LAI, 1
Claudio Gallone (C), 7
claying.net, 51
Clmb2011, 103
Contact for permissions, 1
Copie interdite, 2
Copyright, 91
Copyright  2010 Steven McBrid, 1
Copyright (c)  Seung Pil-ho A, 5
Copyright (C) 2003, 70
Copyright (c) Eric McFarland., 8
Copyright 1,1999, 9
Copyright 1,2003, 782
Copyright 12, 2002, 212
Copyright 1997-2005 keizos ho, 48
Copyright 1997-2009 keizos ho, 1
Copyright 2002, 10396
Copyright 2002-2003, 161
Copyright 2003 Konrad Andrews, 4
Copyright 2003-2004, 369
Copyright 2004, 100
Copyright 2005, 2165
Copyright 2006, 1139
Copyright 2007, 286
Copyright 2007 - Gary Denham, 10
Copyright 2008, 159
Copyright 2009, 689
Copyright 2009 Zack O. Jones, 10
Copyright 2010, 19
copyright 2010 all rights res, 48
Copyright 2010 JS Photography, 2
Copyright 2011, 189
Copyright 2011 All Rights Res, 9
Copyright 2011 Ian Ganderton, 25
Copyright 2012, 597
copyright 2013, 1
Copyright 2013 James Tate, 427
Copyright 2013 Joseph Neigh, 1
Copyright 2014, 8
Copyright 5,2003, 11
Copyright 9,2002, 17
Copyright by Andrea Duni - Al, 40
Copyright Charlie Hallin, 6
COPYRIGHT Chris Livsey, 5
Copyright Frederic Lem.. 2013, 3
copyright Kristians Berents, 218
Copyright Mike Kline 2012, 1
Copyright Not Specified, 65
Copyright YD-42693, 1
Copyright, 2003, 36
COPYRIGHT, 2004, 172
Copyright, 2004.09, 3
COPYRIGHT, 2005, 1948
COPYRIGHT, 2006, 8357
COPYRIGHT, 2007, 12803
COPYRIGHT, 2008, 426
COPYRIGHT, 2009, 1483
COPYRIGHT, 2010, 388
COPYRIGHT, 2011, 269
Copyright, HP Corp, 2003, 11
Copyright, IDT Group, 2003, 2
Copyright, NYTECH Corp, 03, 80
Copyright, NYTECH Corp, 2004, 112
Copyright,2006, 12
COPYRIGHT,2011, 31
Copyright,IX-30,2001, 16
Copyright,Syntek,2007, 14
CopyRight. Telechips, 11
Copyright.2008, 32
Copyright2004, 5
Copyright2006, 3
Copyright2010, 1
copyright2012 luel ang, 2
Copyright:, 1
Copyright: 2012, all rights r, 3
Copyright: Aaron E. Kennison., 7
Copyright: Aleksandr Reznik, 2
Copyright: Aleksey Prokhorov, 31
Copyright: alexeck.net, 1
Copyright: All images are cop, 2
Copyright: all rights reserve, 63
Copyright: Andy Badke, 1
Copyright: April Alonzo, 1
Copyright: Arseny Sirotin, 1
Copyright: BEN CROWE, 109
Copyright: BernadetteVerhoeve, 15
Copyright: BKBarnes Photograp, 3
Copyright: by EKRIS Photo, 92
Copyright: by EKRIS Photo.www, 7
Copyright: By Jiun-Yan Shiau, 38
Copyright: Charles M. Webb Jr, 1
Copyright: choppershoot.com, 1
Copyright: Christian Vieth, 1
Copyright: Copyright Jakechar, 7
Copyright: D.S., 5
Copyright: darkFlame Studios, 37
Copyright: David DeVries, 7
Copyright: David Liddle, 1
Copyright: Dean Hackett, 150
Copyright: E.Verweij, 1
Copyright: eleventhmonkeyArt, 6
Copyright: Francisco Martins, 2
Copyright: GLT-PRESS, 2
Copyright: Gregory L. Horsman, 8
Copyright: HiQual Photo; Paul, 5
Copyright: InsaneNG, 1
Copyright: Jacob E. Photograp, 1
Copyright: James Cook, 1
Copyright: James Dunn, 1
Copyright: Jeff Laytham.CC: A, 62
Copyright: Joe .Tanis Photogr, 150
Copyright: Joe McPherson, 2
Copyright: Kjell Nygren, 136
Copyright: Le Hoang Tai, 1
Copyright: Lewis Tyrell 2013, 3
Copyright: Marcus Wong, 36
Copyright: Mark Smith, 8
Copyright: Matthew  J. Cortis, 2
Copyright: P. van Eldijk.Use , 3
Copyright: Restaurant Pure Pa, 1
Copyright: Roberto Blanco, 1
Copyright: Spiros Mav., 1
Copyright: Stefan Nitoslawski, 1
Copyright: Terrance R Ingolds, 1
Copyright: Thanh Hai. Kim, 1
Copyright: Timothy Barnes tim, 2
Copyright:.davefranciosy.co.u, 1
Copyright:: All Rights Reserv, 1
Copyright:@SungChul, 4
Copyright:Bladerunner, 148
Copyright:c-Copyright@XYNT200, 1
Copyright:Chef K.N.Vinod, 1
Copyright:D S Angood, 3
Copyright:DEREK ALTHEN.www.de, 4
Copyright:Ivar Orn Helgason, 1
Copyright:Li Jianyi, 9
Copyright:LloMil.com., 2
Copyright:Lloyd Miller (photo, 2
Copyright:M.Moehlenhof German, 1
Copyright:macki60, 1
Copyright:mins, 2
Copyright:Ramning, 1
Copyright:Xavier, 1
Copyright:Yoan Cherasse, 2
Copyright@ Andre Marcus Areli, 1
Corinne DERIOT Aix_en_Provenc, 11
Courtney Cania, 1
Created by Gergely Buday. All, 1
Creative Commons Attribution-, 1
Creative Commons BY-NC-SA, 1
Creative Commons BY-SA 3.0, 1
Cu Bull, 5
CVG eirl, 2
Cyril Gros, 3
D.Horning, D 79395 Neuenburg,, 1
D.Jungholt, 1
dag.duriaud@gmail.com, 4
dakota keck, 8
darkjeon, 1
Darklight.net, 1
DARREN GILES, 2
DAT_LE, 2
David DONNADIEU, 9
David Ho, 2
David Lienhard, 1
David Morris, 2
david spencer, 1
David@VanguardScotland.com, 149
db Productions, 2
DCMPCS, 2
DDAVIDFISHER2012, 31
deataycor@gmail.com, 1
DeepBlue SmartHouse, 5
denny.s8511@msa.hinet.net, 58
Digital Camera, 2
DIMINOFF, 46
DMITRY A VORONIN, 2
DON ABRENICA, 2
Dr. Ahmad Hijazi, 10
drinraci, 1
DT Almquist; All rights reser, 1
DTStudio, 1
DUMA STUDIO, 5
Dumitru Catalin, 1
Dwight_Jeon, 3
DXG Proprietary, 3
E.RIM, 1
Eduardo Taylor, 1
eigendom Inter Access 1980, 1
Eigentum von: Geers Joerg, 1
Eirikur Einarsson (eikie) kt., 1
EKRIS Photo, 5
Ellieslion, 1
ELW, 6
Emerson Goodman, 27
Ercall Images 2010, 11
Ercall Images 2011, 1
Ercall Images 2012, 45
ERIC_A, 150
Eugenio Paradiso, 6
FABIO FONSECA, 1
Fabio Orefice, 92
facebook.com/ChristopherPhill, 1
facebook.com/raamasya, 1
Faith Ritz, 1
Ferenc Szepfalusy, 1
Fongshampos Pix, 2
FOTO ERIK PEINAR  +372 502551, 3
FOTOSPL.us, 9
FrankSoft Photos, 1
freedomknot@gmail.com, 2
FS @FS, 20
FUNG KAM KEE, 9
Gabonaz@, 1
Gareth_Jex, 3
Gavin Walker, 1
GB, 1
Georg Koe, 2
GIAN CLAVADETSCHER, 1
Gill Hunter 2013, 1
GMDPHOTOS.com, 1
Gonzo, 9
GR-User=N.Kou, 15
Graham R Edwards, 1
gramps_51, 7
Guillermo Billordo, 1
Gustavo Giacomini, 10
G_J_KING, 2
HAMOODI, 28
HAMSTERGRAPHICS, 17
Hannes Steyn, 5
Harrison Photography, 5
Harry Wessel, 1
Hector Balcazar, 15
HOLLER GMBH, 253
HSC, 60
Http://www.flicker.com/photo/, 6
http://www.mane-frischeisen.d, 3
http://www.tini.vn, 1
Hu,Sung-Chu, 3
Huei Wang, 3
I J Palmer, 150
IAM photo, 1
iamcarbon.co.uk, 1
Ian Raishbrook, 136
images copyrighted, 22
Industrial Relics, 1
InsideUniversal.net, 7
IRIS FOTOGRAFIA, 1
ITU, 1
Ivo Kivistik, 6
J Mortram, 2
JABBA_THE_TOAD, 144
Jacket2, 9
Jaime L. Borja, 1
James Hansen 2012, 1
James Hargreaves 73 Furlong R, 20
JAMES_HARRIS, 2
Jan Sutton, 1
Jay Curley, 1
jbiddulph.com, 1
JD Villasenor, 4
JEFF PICTURES, 7
Jeff1551@gmail.com, 1
Jerry Atienza     (2013), 4
JIM NAWROSKI, 1
JIM NICHOLSON, 3
Jim Winchester/SIAC Media 201, 54
JIMMY LEE SHELTON, 1
JimmyL, 4
Jingjits Photography, 1
Jiten Pahuja, 38
JJLiang 2006, 1
jk, 1
JL MALPERTU, 1
JLM, 43
JNC 2012, 6
Joao Pena Rebelo, 2
JOEL MATTHEWS, 1
John Halliwell, 2
John Johnson, 3
John McCormick, 1
John Roberts, 16
JOHNSON, 2
JOY SAMSON, 7
Juha M. Sorsa, 1
justafigment, 1
Justin Post 2013, 2
KAASTEN REH, 2
Kaia Hannolainen, 1
KAIRSEAN, 1
KAREN HILQUIST, 1
Kaushal, 27
Kelparama Photo & Gift Shop, 5
ken1abe, 1
Kenneth Maina, 3
Kenneth Moore, 63
Kimber Carson, 5
KJM427, 64
KODAK DC280 ZOOM DIGITAL CAME, 315
KODAK DC3400 ZOOM DIGITAL CAM, 230
KODAK DC5000 ZOOM DIGITAL CAM, 57
Ko_Sakamoto, 384
KPSimpson, 12
KuoTungYu, 2
Kurt Mathisen, 27
KWE, 5
Kyle Burt / kyleburtphoto.com, 150
KYOKO IMAI, 91
La Voce del Paese, 7
LaceyPhotography, 1
Lars Reinhard, 2
LDT2013, 2
Leo Biazini, 2
Leopold Kepplinger, 1
Lesley J Olson, 1
Levent Topkara, 26
LG Corp, 1
LG Electronics Inc., 2
LHOON, 2
Liang-Huan LEO Chin, 1
Licenced under the Creative C, 1
LIM, 1
LimerickStudio.com2012  405-2, 4
Linda Minkowski, 1
Lorenzo Gaudenzi Photo, 2
Lorrie McClanahan, 1
Louis, 6
Lourdes Merson, 1
LoveDphotography, 2
Luis R, Lebron, 2
Lynn Hayakawa, 1
LZ1168, 1
M STAHLSCHMIDT SSP 12, 1
M.DAVIS, 2
Maico Teo, 2
Maisiecat Moments, 9
MAPGRAPHS, 1
Marc, 2
MARCO, 5
Marie Gaylard, 30
Maris Ozols, 3
Mariusz Sliwa, 1
Mark Agerholm, 2
Mark Brennan, 2
Mark Kirchner, 5
Mark Kuchel, 9
MARKDALY, 22
Marosheviz, 1
MARTINIZZARDPHOTOGRAPHIC, 4
MARVSPHOTOGRAPHY.COM 2009/201, 3
MATS HAMNAS, 2
Matt Cashore, 36
Matt Sudol, 1
MCNEIL PHOTOGRAPHY713-451-520, 1
Mekhamer Photography, 150
melanie j cook, 2
MF PHOTOGRAPHY, 1
MG, 1
MICHAEL DIPLECO, 2
Michael Rehfeldt, 1
Michelle Robinson, 12
Miguel A. Ruiz, 1
Miguel Angel Garin, 1
MIHAELA MARIN, 6
Mikaeli Permana   mmxiii, 1
miramin@photography, 1
MMSJCA@GMAIL.COM, 14
MN, 11
Morgain Bailey, 1
Morten Buchard, 2
Motorola, 171
Motorola Ltd., 53
MOTOSAYA-PAMPANGA 2013, 2
Mudrunner Photography, 6
Muhammad Ali Jawed, 4
Murtaza Kankroliwala, 1
Mystique, 1
NARK photography, 2
Nazariy.K, 1
NB CHINA, 2
NCT, 11
Neil_Topham, 3
niallism@yahoo.com, 1
nicgraphics.net, 1
Nicholas Bolin (C), 15
Nik, 1
No No, 2
NORBERTO MELONE, 1
NOT FOR COMMERCIAL PURPOSE, 2
not to be printed or copied w, 246
NY Visual Arts. All rights re, 1
ObsidieNN, 1
odelia elisha, 1
OLE BENDIK KVISBERG, 2
omar_pspn@yahoo.com, 1
Owner: Alaric Willi. Copyrigh, 1
P, 1
PacTronics, 8
Pamela Graham, 1
PANTERKA, 1
Paola Rabbia, 2
PATRICK XIE, 1
Patty Bautista, 1
Paul Nolan 2013, 2
Paul van Haeff, 2
Paulo Guimaraes, 6
PAUL_SNIJDERS, 9
PConline, 2
PETER CHOW, 1
Peter Mao, 1
peter@uniquescotland.com, 1
Phil Coomes, 1
phil richardson, 150
philburns.com, 1
Philip Holker, 1
Philip.D.A.Taylor (@TQUK), 1
Photo by Ajit     copyright@2, 1
photo by CTK, 13
Photo by Le Huy. All rights r, 1
Photo By Ma_Benh, 9
Photo took by Minda, 1
photo-Zoe-Gambieraki.com, 2
photofab, 3
Photos by iaunn www.facebook., 1
PIM STOUTEN, 158
POF, 3
Pop Valeriu, 2
Poppleton Portraits, 4
pradeepprakash, 1
Prof. Richard Mortel, 1
PROJECT2071.COM, 10
PROPERTYofSVC, 101
PSchmidt, 9
PV Oil Lube, 1
PYON, 115
QATAR, 150
R. Giwa Productions, 1
R.Battye, 3
Rafael Zhong, 8
Rahul Joshi, 2
RAJs IMAGES, 9
RAKAN PHOTO, 6
Rei_N, 1
RickyAM PHOTOGRAPHY, 1
RjP 2011 All Rights Reserved, 1
RNADAVID, 1
Robert Mout, 1
robertmwilliams@gmail.com, 3
Rodrigo Galante, 1
Roger Wilson 2013, 2
Rohit Sharma, 1
Ronald Finke, 1
Rorchach, 1
Ruel Marasigan, 3
RyanS, 1
RYOSUKE.TSUMURA, 1
Saher Nashashibi  san_2002@ym, 14
Sam/GuitGraph, 47
SAMSUNG, 3
SAMSUNG DVC...., 34
SAMSUNG MINIKET, 2
SAMSUNG TECHWIN, 280
san-2002@hotmail, 2
Sanad, 1
SANDY, 1
sasocs photo, 2
Sayed Hakim, 1
SCHOP, 4
SCORPION, 149
Scott McNeal 2012, 150
SEB DALY, 6
See.eSe.eeS, 27
Semaphor, 571
Semih SOLMAZGUL, 21
SeonaidMacKenzie, 1
Sergio Ferraro, 37
SeventeenThirtyPhotography Im, 1
sharon grant, 10
sherwinsunico.com, 3
SHINING YING, 1
Shirlonet, 2
shosawi@me.com, 20
Shovan Sargunam / TheSCube.co, 104
SHRHUNG, 1
SHUICHI SATO, 60
SINCE.2013.6.5, 17
Siva, 1
SK8R_Rawan, 1
SKV, 3
Skydive Dubai, 2
Spicio, 50
sreekanth raveendran, 107
Starman1969ImagingStephen Che, 3
Stasiek2, 1
Steffen Hoell, 2
STEPHEN ERF, 5
Steve Billington, 11
Steve Johnson, 1
Steve Minshull, 150
STEVEKAGAN  N, 1
STEVEMCLELLANPHOTOGRAHY@GMAIL, 2
Steven Byles, 6
Steven Ellis, 4
Steven J Lilley (sk8geek), 3
STOBA, 2
Studio A Chris Photography, 2
Sven-Erik JANC, 101
SW PHOTOGRAPHY, 152
t,19199, 3
T.Smith Photography, 1
T0MLY.CN@GMAIL.COM, 9
TAG, 1
Taiba, 6
Takahumi Nakano, 1
Takashi Taniguchi, 22
TAKAYUKI MIKI, 1
Taylor Xu, 1
TENNY CHAN, 11
Teodulo G. San Juan, Jr., 1
Textopus.nl, 1
TF, 1
THANH CONG, 2
thanZeel, 150
The Doctor, 2
The Shooting Gallery, 1
Thierry DAUWE, 2
This content is COPYITED to M, 9
This image is copyright, 2010, 150
This work is licenced under t, 61
Thomas Kremerius, 2
Thomas Neuhaus, 1
THOMAS_PERRY, 14
TinhDo, 1
TM&Copyright (C) 2010 Sony Co, 39
tnb@gmx.ch, 194
Todd Hall, 3
Todd Hall  tmh9@inet3.net, 2
Todd M. Hall, 1
TODOS, 1
Tom Ramsey, 1
TONGMINHTHANH, 180
Tony Cornish, 1
Tony Pinnington, 1
torquay, 1
touchaddict, 1
TRANG_LE, 3
TRIVINCI (UK) LTD, 12
TSUNEHIKO KOHASHI, 1
TUANMARK, 6
TWF, 1
twinleaves, 1
TZ, 3
u7, 1
u7Arts, 2
UNIQUECAPTURE, 6
urd, 1
vanGary, 5
Vazquez,Ramsey_Phillup, 1
VHERSCHELL, 11
VICENTE RUIZ FLORES, 3
VIVIAN HSU PHOTOGRAPHY, 4
Vlad_Moroianu, 3
VOLKER ROHRBACH.UNTERSTR 7 65, 1
W.Abril, 53
Wang Chun Hsiang, 1
WANYI, 1
WenHsi Copyright, 1
Werner Schlagnitweit, 10
WestLee Copyright, 5
Wiggadewah Photo 2013, 15
WILL.Ito, 6
WingmanChen Photo Studio, 17
Wirasandi Ruslan  wirasandi@t, 1
WSK, 1
www.andreas-pross.de, 2
www.antonylin.blogspot.tw, 65
www.daivafoto.lt, 1
www.irinakremin.com, 1
www.isphotographs.co.uk, 6
www.LUPUSatelier.info, 1
www.magedhelal.com, 97
www.mankymusic.co.uk, 15
www.mat-ure.blogspot.com, 1
www.MeganDrennon.com, 1
www.mgaylard.co.uk, 37
www.sanjayphotography.com, 5
YAMAGISHI_MSKZ, 1
Yannick BOSCHAT, 1
YASUHIRO SHIRAKI, 6
Ydtseng@gmail.com, 3
Yohei Murayama, 2
yonenchi, 7
yudistira, 1
Yves Le Breton, 3
Zapruder Films, 1
zulfikar, 14
zurhan, 1
